{"type":"Feature","properties":{"MUN":"MIDDLE TWP","COUNTY":"CAPE MAY","MUN_LABEL":"Middle Township","MUN_TYPE":"Township","NAME":"Middle Township","GNIS_NAME":"Township of Middle","partNames":["Middle Township SE","Middle Township NW","Middle Township W","Middle Township NE"]},"geometry":{"type":"MultiPolygon","coordinates":[[[[-74.765805,39.0820455],[-74.7658064,39.0820428],[-74.7658124,39.0820326],[-74.7658196,39.0820222],[-74.7658279,39.0820115],[-74.7658375,39.0820001],[-74.7658569,39.0819793],[-74.7659065,39.0819292],[-74.7659192,39.0819153],[-74.7659298,39.0819026],[-74.7659401,39.0818887],[-74.7659484,39.0818753],[-74.7659547,39.0818623],[-74.7659593,39.0818496],[-74.7659617,39.081838],[-74.7659626,39.0818255],[-74.7659618,39.081812],[-74.7659594,39.0817973],[-74.7659562,39.0817843],[-74.7659518,39.0817696],[-74.765935,39.0817216],[-74.7659295,39.0817045],[-74.7659252,39.0816883],[-74.7659225,39.0816739],[-74.7659213,39.08166],[-74.7659219,39.0816473],[-74.7659242,39.0816355],[-74.7659282,39.0816246],[-74.7659353,39.0816115],[-74.7659447,39.0815982],[-74.7659563,39.0815845],[-74.7659704,39.0815702],[-74.7659852,39.0815569],[-74.7660028,39.0815422],[-74.7660681,39.0814919],[-74.7660834,39.0814803],[-74.7661001,39.0814688],[-74.7661182,39.0814574],[-74.766138,39.0814458],[-74.7661595,39.0814341],[-74.7661839,39.0814215],[-74.7662836,39.0813733],[-74.7663257,39.0813517],[-74.766348,39.0813393],[-74.7663681,39.0813272],[-74.7663864,39.0813151],[-74.7664032,39.081303],[-74.7664345,39.0812789],[-74.766463,39.0812562],[-74.7664895,39.0812344],[-74.7665141,39.0812133],[-74.7665371,39.0811925],[-74.7665586,39.0811722],[-74.7665786,39.0811523],[-74.7665971,39.0811326],[-74.7666144,39.0811131],[-74.7666302,39.0810938],[-74.7666446,39.0810748],[-74.7666577,39.081056],[-74.7666693,39.0810373],[-74.7666796,39.0810189],[-74.7666885,39.0810007],[-74.7666961,39.0809826],[-74.7667019,39.0809644],[-74.766706,39.080945],[-74.7667083,39.0809243],[-74.7667089,39.0809018],[-74.7667079,39.0808789],[-74.7667054,39.0808533],[-74.7667017,39.0808265],[-74.7666901,39.0807516],[-74.7666873,39.0807288],[-74.7666856,39.0807084],[-74.7666849,39.0806853],[-74.7666858,39.0806641],[-74.7666881,39.0806442],[-74.7666921,39.0806255],[-74.7666957,39.0806132],[-74.7667,39.0806008],[-74.766705,39.0805882],[-74.7667107,39.0805755],[-74.7667171,39.0805626],[-74.7667243,39.0805495],[-74.7667411,39.0805223],[-74.7667594,39.0804962],[-74.7667812,39.0804675],[-74.7668048,39.0804385],[-74.7668709,39.0803594],[-74.7668902,39.0803351],[-74.7669067,39.0803131],[-74.7669243,39.0802876],[-74.7669392,39.0802634],[-74.7669516,39.0802401],[-74.7669618,39.0802174],[-74.7669718,39.0801918],[-74.7669812,39.080166],[-74.76699,39.08014],[-74.7669981,39.0801138],[-74.7670055,39.0800875],[-74.7670123,39.0800611],[-74.7670184,39.0800346],[-74.7670239,39.0800081],[-74.7670286,39.0799816],[-74.7670327,39.0799552],[-74.767036,39.0799289],[-74.7670387,39.0799026],[-74.7670407,39.0798765],[-74.7670419,39.0798506],[-74.7670424,39.0798249],[-74.7670423,39.0797994],[-74.7670423,39.0797811],[-74.7670435,39.0797271],[-74.7670431,39.0797104],[-74.7670421,39.0796956],[-74.7670398,39.0796797],[-74.7670365,39.0796653],[-74.767032,39.0796522],[-74.7670263,39.0796402],[-74.76702,39.0796307],[-74.7670119,39.0796213],[-74.767002,39.0796122],[-74.7669901,39.079603],[-74.7669774,39.0795946],[-74.7669624,39.0795857],[-74.7669006,39.0795529],[-74.766887,39.0795452],[-74.7668752,39.0795381],[-74.7668626,39.0795296],[-74.7668516,39.0795212],[-74.7668421,39.0795127],[-74.7668341,39.0795042],[-74.7668257,39.0794937],[-74.7668169,39.0794817],[-74.7667917,39.079444],[-74.766768,39.0794076],[-74.7667458,39.0793719],[-74.7667251,39.0793368],[-74.7667059,39.0793023],[-74.7666881,39.0792683],[-74.7666718,39.0792349],[-74.766657,39.079202],[-74.7666436,39.0791696],[-74.7666316,39.0791378],[-74.7666211,39.0791064],[-74.766612,39.0790756],[-74.7666044,39.0790453],[-74.7665983,39.0790154],[-74.7665935,39.0789861],[-74.7665902,39.0789573],[-74.7665884,39.078929],[-74.766588,39.0789081],[-74.7665882,39.0788868],[-74.7665892,39.0788651],[-74.766591,39.0788429],[-74.7665935,39.0788203],[-74.7665967,39.0787972],[-74.7666006,39.0787738],[-74.7666053,39.0787499],[-74.7666107,39.0787256],[-74.7666168,39.0787008],[-74.7666237,39.0786757],[-74.7666313,39.0786502],[-74.7666396,39.0786242],[-74.7666486,39.0785979],[-74.7666584,39.0785711],[-74.7666689,39.078544],[-74.7666796,39.0785184],[-74.7666916,39.0784926],[-74.7667049,39.0784664],[-74.7667194,39.0784399],[-74.7667353,39.078413],[-74.7667526,39.0783856],[-74.7667713,39.0783576],[-74.7667916,39.0783288],[-74.7668117,39.0783016],[-74.7668333,39.0782733],[-74.7668568,39.0782438],[-74.7668824,39.0782124],[-74.7669339,39.0781516],[-74.7670433,39.0780253],[-74.7670658,39.0780007],[-74.7670926,39.0779742],[-74.7671219,39.0779474],[-74.7671802,39.077896],[-74.767204,39.0778747],[-74.7672279,39.0778522],[-74.7672482,39.0778315],[-74.7672595,39.0778192],[-74.7672699,39.0778072],[-74.7672794,39.0777954],[-74.767288,39.0777838],[-74.7672959,39.0777723],[-74.767303,39.0777608],[-74.7673094,39.0777494],[-74.767315,39.077738],[-74.767328,39.0777081],[-74.767339,39.0776788],[-74.7673481,39.0776502],[-74.7673551,39.0776227],[-74.76736,39.0775962],[-74.7673629,39.0775707],[-74.7673636,39.0775465],[-74.7673623,39.0775235],[-74.7673607,39.0775116],[-74.7673585,39.0774994],[-74.7673555,39.077487],[-74.7673519,39.0774744],[-74.7673476,39.0774615],[-74.7673427,39.0774484],[-74.7673307,39.0774213],[-74.7673159,39.0773931],[-74.7672984,39.0773637],[-74.7672778,39.0773325],[-74.7672537,39.077299],[-74.7672396,39.0772815],[-74.7672235,39.077264],[-74.767205,39.0772463],[-74.767184,39.0772282],[-74.7671636,39.077212],[-74.7671401,39.0771945],[-74.7670525,39.0771328],[-74.7670177,39.0771072],[-74.7669998,39.0770932],[-74.7669837,39.0770797],[-74.766969,39.0770666],[-74.7669556,39.0770537],[-74.7669266,39.0770234],[-74.7668978,39.0769912],[-74.7668688,39.0769569],[-74.7668394,39.0769201],[-74.7668101,39.0768813],[-74.7667792,39.0768388],[-74.766746,39.0767914],[-74.7667051,39.0767312],[-74.7666952,39.0767161],[-74.7666857,39.0767004],[-74.7666766,39.0766841],[-74.7666677,39.0766671],[-74.7666591,39.0766494],[-74.7666508,39.0766309],[-74.7666346,39.0765913],[-74.7666214,39.0765544],[-74.7666078,39.0765128],[-74.7665953,39.0764714],[-74.7665645,39.0763652],[-74.7665463,39.0763077],[-74.7665358,39.0762777],[-74.7665252,39.0762501],[-74.7665144,39.0762244],[-74.7665032,39.0762003],[-74.7664888,39.0761726],[-74.7664735,39.0761468],[-74.7664573,39.0761227],[-74.7664401,39.0761002],[-74.7664218,39.0760792],[-74.7664023,39.0760597],[-74.7663816,39.0760416],[-74.7663597,39.0760249],[-74.7663387,39.0760103],[-74.7663173,39.0759961],[-74.7662956,39.0759823],[-74.7662735,39.075969],[-74.7662512,39.0759562],[-74.7662288,39.075944],[-74.7662063,39.0759324],[-74.7661837,39.0759214],[-74.7661611,39.075911],[-74.7661386,39.0759012],[-74.7661161,39.0758921],[-74.7660938,39.0758837],[-74.7660715,39.075876],[-74.7660493,39.0758689],[-74.7660273,39.0758625],[-74.7660055,39.0758569],[-74.7659914,39.0758541],[-74.7659618,39.0758499],[-74.7659497,39.0758478],[-74.7659377,39.0758447],[-74.765928,39.0758409],[-74.765918,39.0758352],[-74.7659085,39.0758279],[-74.7658995,39.0758191],[-74.7658911,39.0758087],[-74.7658832,39.0757969],[-74.7658759,39.0757836],[-74.7658694,39.075769],[-74.7658636,39.0757534],[-74.7658611,39.075743],[-74.7658602,39.0757311],[-74.7658607,39.0757182],[-74.7658634,39.0756921],[-74.7658641,39.0756812],[-74.7658639,39.0756699],[-74.7658625,39.07566],[-74.7658581,39.0756438],[-74.7658516,39.0756271],[-74.765843,39.0756098],[-74.7658321,39.0755917],[-74.7658198,39.075574],[-74.765805,39.0755546],[-74.765789,39.0755351],[-74.7657558,39.075496],[-74.7657323,39.0754694],[-74.7657051,39.0754415],[-74.7656737,39.0754116],[-74.765634,39.0753759],[-74.7656003,39.0753471],[-74.7655644,39.0753184],[-74.7655261,39.0752897],[-74.7654854,39.0752609],[-74.7654422,39.075232],[-74.7653961,39.0752027],[-74.7653469,39.0751728],[-74.7652938,39.0751419],[-74.7652626,39.0751249],[-74.7652276,39.0751072],[-74.7651859,39.0750875],[-74.765096,39.0750469],[-74.7650572,39.0750288],[-74.765017,39.0750089],[-74.7649819,39.0749901],[-74.7649572,39.0749753],[-74.7649308,39.0749578],[-74.7649053,39.0749398],[-74.7648407,39.0748927],[-74.7648216,39.0748794],[-74.7648042,39.0748679],[-74.7647841,39.0748555],[-74.7647648,39.0748447],[-74.7647459,39.0748352],[-74.7647271,39.0748269],[-74.7647057,39.0748184],[-74.7646838,39.0748103],[-74.7646616,39.0748026],[-74.7646392,39.0747955],[-74.7646167,39.074789],[-74.7645943,39.0747831],[-74.7645721,39.0747777],[-74.7645501,39.0747731],[-74.7645341,39.0747703],[-74.7645177,39.0747682],[-74.7645009,39.0747667],[-74.7644836,39.074766],[-74.7644658,39.0747659],[-74.7644474,39.0747664],[-74.7644284,39.0747676],[-74.7644086,39.0747695],[-74.7643901,39.0747718],[-74.7643707,39.0747746],[-74.7643285,39.0747822],[-74.7642853,39.0747913],[-74.7642018,39.0748103],[-74.7641674,39.0748178],[-74.7641317,39.0748249],[-74.7640997,39.0748303],[-74.7640633,39.0748351],[-74.7640461,39.0748368],[-74.7640294,39.0748379],[-74.7640132,39.0748385],[-74.7639975,39.0748387],[-74.7639821,39.0748383],[-74.7639672,39.0748375],[-74.7639325,39.0748353],[-74.7638389,39.0748303],[-74.7637878,39.0748265],[-74.7637602,39.0748237],[-74.763735,39.0748206],[-74.7637115,39.074817],[-74.7636898,39.0748128],[-74.7636676,39.0748077],[-74.7636471,39.0748019],[-74.7636283,39.0747954],[-74.7636111,39.0747882],[-74.7635954,39.0747802],[-74.7635813,39.0747716],[-74.7635687,39.0747622],[-74.7635575,39.074752],[-74.7635482,39.0747417],[-74.7635391,39.0747304],[-74.7635303,39.0747179],[-74.7635219,39.0747044],[-74.7635139,39.0746899],[-74.7635063,39.0746746],[-74.7634994,39.0746588],[-74.7634932,39.0746425],[-74.7634896,39.0746296],[-74.7634877,39.0746157],[-74.7634875,39.0746008],[-74.7634891,39.0745846],[-74.7634916,39.0745704],[-74.7634953,39.0745543],[-74.7635103,39.0745019],[-74.7635152,39.0744833],[-74.7635187,39.0744656],[-74.7635206,39.0744498],[-74.7635209,39.0744346],[-74.7635195,39.0744206],[-74.7635163,39.0744075],[-74.7635113,39.0743952],[-74.7635018,39.0743781],[-74.7634901,39.0743602],[-74.7634764,39.0743421],[-74.7634611,39.0743242],[-74.7634516,39.0743145],[-74.7634411,39.0743054],[-74.7634296,39.0742968],[-74.763417,39.0742887],[-74.7634033,39.074281],[-74.7633885,39.0742738],[-74.7633724,39.074267],[-74.763355,39.0742605],[-74.76334,39.0742554],[-74.7633238,39.0742506],[-74.7632874,39.074241],[-74.7632512,39.0742327],[-74.7631599,39.0742132],[-74.7631347,39.0742073],[-74.7631125,39.0742016],[-74.7630891,39.0741949],[-74.7630678,39.074188],[-74.7630482,39.0741808],[-74.7630302,39.0741731],[-74.7629796,39.0741499],[-74.7629454,39.0741334],[-74.7629151,39.0741177],[-74.7628884,39.0741026],[-74.7628712,39.0740921],[-74.762854,39.074081],[-74.7628191,39.0740567],[-74.7627835,39.0740296],[-74.7627464,39.0739992],[-74.7627351,39.073989],[-74.7627238,39.0739778],[-74.7627126,39.0739654],[-74.7627012,39.0739517],[-74.762681,39.0739251],[-74.7626341,39.0738589],[-74.7626206,39.0738414],[-74.7626078,39.0738263],[-74.762593,39.0738108],[-74.7625782,39.0737972],[-74.7625629,39.0737854],[-74.7625471,39.0737752],[-74.7625383,39.0737704],[-74.7625291,39.0737658],[-74.762509,39.0737574],[-74.7624867,39.07375],[-74.7624618,39.0737433],[-74.7624378,39.0737381],[-74.7624104,39.0737332],[-74.7623824,39.0737289],[-74.7623068,39.0737181],[-74.7622844,39.0737145],[-74.7622646,39.0737109],[-74.7622425,39.0737062],[-74.7622225,39.0737011],[-74.762204,39.0736956],[-74.7621868,39.0736896],[-74.7621674,39.0736817],[-74.7621476,39.0736727],[-74.7621274,39.0736625],[-74.7621065,39.0736509],[-74.7620853,39.0736385],[-74.7620623,39.0736241],[-74.7619734,39.0735655],[-74.7619348,39.0735413],[-74.7619133,39.0735288],[-74.7618929,39.0735178],[-74.7618731,39.0735081],[-74.7618537,39.0734995],[-74.7618338,39.0734917],[-74.761813,39.0734847],[-74.7617911,39.0734785],[-74.7617681,39.073473],[-74.761744,39.0734681],[-74.7617186,39.073464],[-74.7616918,39.0734605],[-74.7616635,39.0734577],[-74.7616392,39.0734558],[-74.7616136,39.0734544],[-74.7615569,39.0734526],[-74.7615015,39.0734521],[-74.761366,39.0734524],[-74.7613294,39.0734519],[-74.7612967,39.0734511],[-74.7612619,39.0734495],[-74.7612299,39.0734472],[-74.7612001,39.0734443],[-74.7611721,39.0734406],[-74.761142,39.0734354],[-74.7611139,39.0734291],[-74.7610875,39.0734218],[-74.7610628,39.0734133],[-74.7610396,39.0734037],[-74.761018,39.0733929],[-74.7609978,39.0733809],[-74.7609791,39.0733677],[-74.7609679,39.0733587],[-74.7609562,39.0733482],[-74.7609432,39.0733357],[-74.7609045,39.073297],[-74.7608916,39.0732851],[-74.7608794,39.073275],[-74.7608554,39.0732566],[-74.7608309,39.0732391],[-74.7608062,39.0732225],[-74.7607812,39.0732069],[-74.7607562,39.0731923],[-74.7607312,39.0731789],[-74.7607061,39.0731665],[-74.7606812,39.0731554],[-74.7606604,39.0731468],[-74.7606392,39.0731387],[-74.7606176,39.073131],[-74.7605958,39.0731239],[-74.7605738,39.0731172],[-74.7605516,39.073111],[-74.7605294,39.0731054],[-74.7605071,39.0731003],[-74.760485,39.0730958],[-74.760463,39.0730919],[-74.760441,39.0730885],[-74.7604193,39.0730857],[-74.7603978,39.0730836],[-74.7603766,39.073082],[-74.7603556,39.073081],[-74.760335,39.0730807],[-74.7603181,39.0730811],[-74.7602991,39.0730825],[-74.7602393,39.0730895],[-74.7602198,39.0730914],[-74.760203,39.0730924],[-74.7601879,39.0730926],[-74.7601691,39.0730918],[-74.7601504,39.0730898],[-74.7601315,39.0730867],[-74.7601126,39.0730825],[-74.7600935,39.0730771],[-74.7600741,39.0730706],[-74.7600544,39.0730628],[-74.7600343,39.0730538],[-74.7600172,39.0730454],[-74.7599996,39.0730361],[-74.7599812,39.0730256],[-74.7599617,39.0730139],[-74.759925,39.0729906],[-74.7598311,39.0729285],[-74.7598035,39.0729113],[-74.7597783,39.0728966],[-74.7597499,39.0728813],[-74.7597228,39.0728684],[-74.7596965,39.0728576],[-74.7596707,39.0728487],[-74.7596414,39.0728402],[-74.7596104,39.0728324],[-74.7595774,39.0728251],[-74.7595419,39.0728182],[-74.7595073,39.0728123],[-74.7594687,39.0728064],[-74.7593221,39.0727864],[-74.759261,39.0727772],[-74.7592282,39.0727716],[-74.7591978,39.0727658],[-74.7591693,39.0727597],[-74.7591422,39.0727532],[-74.7591156,39.0727457],[-74.7590863,39.0727361],[-74.7590568,39.0727253],[-74.7589772,39.0726951],[-74.7589531,39.0726867],[-74.7589314,39.0726798],[-74.7589063,39.0726728],[-74.7588827,39.0726676],[-74.7588601,39.0726639],[-74.7588383,39.0726617],[-74.7588212,39.0726611],[-74.7588033,39.0726614],[-74.7587844,39.0726627],[-74.7587641,39.0726648],[-74.7587456,39.0726674],[-74.758725,39.0726709],[-74.7586513,39.0726849],[-74.7586216,39.07269],[-74.758591,39.0726941],[-74.7585637,39.0726964],[-74.7585271,39.0726987],[-74.7584392,39.0727052],[-74.7583978,39.0727076],[-74.7583737,39.0727085],[-74.7583513,39.0727088],[-74.7583305,39.0727087],[-74.7583108,39.072708],[-74.75829,39.0727066],[-74.7582705,39.0727044],[-74.7582522,39.0727017],[-74.7582349,39.0726982],[-74.7582187,39.0726939],[-74.7582035,39.072689],[-74.7581893,39.0726833],[-74.7581761,39.0726769],[-74.7581639,39.0726697],[-74.7581519,39.0726612],[-74.7581399,39.0726513],[-74.7581277,39.0726398],[-74.7581176,39.0726292],[-74.7581066,39.0726169],[-74.758059,39.0725604],[-74.7580462,39.0725467],[-74.7580342,39.0725349],[-74.7579948,39.0724999],[-74.7579527,39.0724644],[-74.7579074,39.0724283],[-74.7578584,39.0723912],[-74.7578067,39.0723535],[-74.7577494,39.0723134],[-74.7576853,39.0722696],[-74.7576014,39.0722136],[-74.7575609,39.0721876],[-74.7575148,39.0721595],[-74.7574703,39.0721334],[-74.7573646,39.0720725],[-74.7573131,39.072042],[-74.7572664,39.0720128],[-74.7572251,39.0719853],[-74.7572005,39.0719679],[-74.7571755,39.0719492],[-74.7571496,39.0719291],[-74.7571224,39.071907],[-74.7570736,39.0718658],[-74.7569634,39.07177],[-74.7569107,39.0717261],[-74.7568872,39.0717073],[-74.7568644,39.0716899],[-74.7568422,39.0716736],[-74.7568204,39.0716583],[-74.7567976,39.071643],[-74.7567716,39.0716264],[-74.7566608,39.071558],[-74.7566367,39.0715424],[-74.7566151,39.0715277],[-74.7565918,39.0715111],[-74.7565685,39.0714937],[-74.7565451,39.0714756],[-74.7565217,39.0714566],[-74.7564982,39.0714368],[-74.7564744,39.071416],[-74.7564502,39.0713941],[-74.7564256,39.071371],[-74.7563844,39.0713311],[-74.7563395,39.0712858],[-74.7562973,39.071242],[-74.7561966,39.0711361],[-74.7561445,39.0710827],[-74.7560933,39.0710322],[-74.7560456,39.0709876],[-74.7560174,39.0709626],[-74.7559873,39.0709371],[-74.755955,39.0709107],[-74.7559199,39.070883],[-74.755885,39.0708562],[-74.7558458,39.0708268],[-74.7556952,39.0707163],[-74.7556326,39.0706695],[-74.7555991,39.0706438],[-74.7555684,39.0706195],[-74.7555398,39.0705962],[-74.755513,39.0705736],[-74.7554814,39.070546],[-74.7554521,39.0705189],[-74.7554248,39.0704922],[-74.7553993,39.0704657],[-74.7553755,39.0704394],[-74.7553534,39.0704131],[-74.7553329,39.0703869],[-74.755314,39.0703605],[-74.7552969,39.0703338],[-74.7552797,39.0703032],[-74.7552645,39.0702733],[-74.7552296,39.0702012],[-74.7552107,39.0701654],[-74.7552007,39.0701481],[-74.7551906,39.0701322],[-74.7551805,39.0701173],[-74.7551701,39.0701033],[-74.7551581,39.0700886],[-74.7551448,39.0700736],[-74.7551301,39.0700583],[-74.7551138,39.0700423],[-74.7550794,39.0700111],[-74.7550094,39.0699514],[-74.7549809,39.0699262],[-74.7549524,39.0698992],[-74.75494,39.0698865],[-74.7549285,39.0698741],[-74.7548884,39.0698291],[-74.7548622,39.0697983],[-74.7548397,39.0697696],[-74.7548209,39.069743],[-74.7548032,39.0697143],[-74.7547858,39.0696828],[-74.7547683,39.0696477],[-74.7547495,39.0696061],[-74.75474,39.069583],[-74.7547315,39.0695587],[-74.7547238,39.0695328],[-74.7547167,39.0695049],[-74.7547111,39.0694792],[-74.7547056,39.0694505],[-74.7546884,39.0693479],[-74.7546808,39.0693069],[-74.7546714,39.069265],[-74.7546663,39.0692459],[-74.7546609,39.0692277],[-74.7546463,39.0691846],[-74.7546291,39.0691402],[-74.7546093,39.0690939],[-74.7545864,39.0690451],[-74.7545631,39.0689986],[-74.7545361,39.0689474],[-74.7545079,39.0688957],[-74.7544307,39.0687567],[-74.7544081,39.0687146],[-74.7543883,39.0686768],[-74.7543666,39.0686333],[-74.7543473,39.0685925],[-74.7543302,39.0685535],[-74.7543149,39.0685159],[-74.7542898,39.0684498],[-74.7542661,39.0683852],[-74.7542438,39.068322],[-74.7542228,39.0682601],[-74.7542031,39.0681992],[-74.7541846,39.0681393],[-74.7541674,39.0680804],[-74.7541514,39.0680224],[-74.7541365,39.067965],[-74.7541229,39.0679085],[-74.7541104,39.0678527],[-74.7540991,39.0677976],[-74.7540889,39.0677432],[-74.75408,39.0676894],[-74.7540721,39.0676362],[-74.7540655,39.0675836],[-74.7540581,39.0675287],[-74.7540399,39.0674131],[-74.7540327,39.0673631],[-74.7540269,39.0673106],[-74.754025,39.0672866],[-74.7540239,39.0672637],[-74.7540233,39.0672375],[-74.7540237,39.0672125],[-74.7540251,39.0671883],[-74.7540273,39.067165],[-74.7540306,39.0671424],[-74.7540348,39.0671205],[-74.7540401,39.0670992],[-74.7540463,39.0670784],[-74.7540514,39.0670642],[-74.7540581,39.0670485],[-74.7540819,39.0669988],[-74.7540897,39.0669818],[-74.754096,39.0669661],[-74.7541007,39.0669517],[-74.7541079,39.0669252],[-74.7541137,39.0668984],[-74.7541182,39.0668715],[-74.7541213,39.0668448],[-74.7541231,39.0668185],[-74.7541234,39.0667926],[-74.7541224,39.0667674],[-74.7541199,39.0667429],[-74.754116,39.0667191],[-74.7541103,39.0666948],[-74.754103,39.0666701],[-74.7540939,39.0666449],[-74.7540831,39.0666193],[-74.7540707,39.0665933],[-74.7540565,39.0665669],[-74.7540407,39.0665402],[-74.7540243,39.0665104],[-74.7540098,39.06648],[-74.7539975,39.0664491],[-74.7539872,39.0664177],[-74.753979,39.0663859],[-74.753973,39.0663539],[-74.7539692,39.0663216],[-74.7539675,39.0662893],[-74.753968,39.0662569],[-74.7539706,39.0662245],[-74.7539754,39.0661923],[-74.7539824,39.0661604],[-74.7539915,39.0661288],[-74.7540028,39.0660976],[-74.7540161,39.0660669],[-74.7540314,39.0660368],[-74.7540487,39.0660073],[-74.754068,39.0659786],[-74.7540892,39.0659507],[-74.7541123,39.0659237],[-74.7541371,39.0658976],[-74.7559037,39.0667991],[-74.7559065,39.0667412],[-74.7559121,39.0666229],[-74.7561313,39.0659182],[-74.7563793,39.0653413],[-74.7565454,39.0648829],[-74.7569399,39.0640786],[-74.7574248,39.0633274],[-74.7577133,39.0629106],[-74.7579974,39.0625098],[-74.7586654,39.0617724],[-74.7594405,39.0609783],[-74.7608165,39.0598209],[-74.7622889,39.0587157],[-74.7624244,39.058614],[-74.7636134,39.0578834],[-74.7643899,39.0574063],[-74.7652713,39.0568499],[-74.7655102,39.0566994],[-74.7666242,39.0559729],[-74.7667928,39.0558629],[-74.7679634,39.0550992],[-74.7693896,39.05401],[-74.7713587,39.0521761],[-74.7725089,39.0511364],[-74.7735794,39.0499409],[-74.7738081,39.0496855],[-74.7744328,39.0489549],[-74.7747636,39.048568],[-74.7749419,39.0483147],[-74.7758981,39.0471426],[-74.7762354,39.0466772],[-74.7767128,39.0461526],[-74.7774452,39.0454281],[-74.7781139,39.0447909],[-74.7784562,39.0444511],[-74.7787522,39.0441572],[-74.7790594,39.0437628],[-74.7793234,39.0432154],[-74.7793525,39.0431074],[-74.7794699,39.0426716],[-74.7794926,39.0422949],[-74.7794948,39.0421179],[-74.7795035,39.0413979],[-74.7795012,39.0408148],[-74.7795011,39.0399568],[-74.7795453,39.0394961],[-74.7797085,39.0391646],[-74.7801082,39.0386817],[-74.78077,39.0380537],[-74.7814168,39.0375702],[-74.7821252,39.0370264],[-74.7830184,39.0363255],[-74.7837212,39.0358173],[-74.7845078,39.0350558],[-74.785358,39.0341257],[-74.785466,39.0339883],[-74.785573,39.0338504],[-74.7856788,39.0337119],[-74.7858009,39.0335601],[-74.7859248,39.0334091],[-74.7860504,39.0332589],[-74.7861778,39.0331097],[-74.7863068,39.0329613],[-74.7864376,39.0328138],[-74.78657,39.0326672],[-74.7867041,39.0325216],[-74.7868399,39.0323769],[-74.7869773,39.0322331],[-74.7871164,39.0320903],[-74.7872571,39.0319485],[-74.7873995,39.0318076],[-74.7875434,39.0316678],[-74.787689,39.0315289],[-74.7878361,39.0313911],[-74.7879848,39.0312543],[-74.7881351,39.0311185],[-74.7882869,39.0309837],[-74.7884403,39.03085],[-74.7885952,39.0307174],[-74.7887516,39.0305859],[-74.7889096,39.0304554],[-74.789069,39.0303261],[-74.7892299,39.0301979],[-74.7893922,39.0300707],[-74.789556,39.0299447],[-74.7897213,39.0298199],[-74.789888,39.0296962],[-74.7903385,39.0293642],[-74.7907877,39.0290311],[-74.7912354,39.0286967],[-74.7916816,39.0283612],[-74.7921264,39.0280246],[-74.7925697,39.0276868],[-74.7930115,39.0273478],[-74.7934519,39.0270076],[-74.7938908,39.0266663],[-74.7943282,39.0263239],[-74.7958214,39.0259275],[-74.796184,39.0258313],[-74.7971429,39.0255432],[-74.7977008,39.0253513],[-74.7980524,39.0252076],[-74.7989286,39.0247878],[-74.7989436,39.0247806],[-74.7992238,39.0246454],[-74.7994784,39.0245158],[-74.799747,39.0243414],[-74.7999869,39.0241419],[-74.8001461,39.0239862],[-74.800152,39.0239799],[-74.8004804,39.0236278],[-74.8005358,39.0235366],[-74.8005964,39.023437],[-74.8006351,39.023266],[-74.8006415,39.0230838],[-74.8006337,39.0229297],[-74.8005787,39.0226581],[-74.8005328,39.0224312],[-74.800397,39.0217535],[-74.8003384,39.0212689],[-74.8003207,39.0211232],[-74.8003196,39.0208542],[-74.8003101,39.0207281],[-74.8002771,39.0205657],[-74.8002081,39.0203837],[-74.8000742,39.0201543],[-74.7998935,39.019897],[-74.7998085,39.0197515],[-74.7997102,39.0194491],[-74.7996663,39.0192475],[-74.7996399,39.018973],[-74.7996391,39.0187712],[-74.7996439,39.0186423],[-74.7996609,39.0183985],[-74.799695,39.0179725],[-74.7997512,39.0176726],[-74.7998841,39.0172435],[-74.7999693,39.0170079],[-74.8001153,39.0167077],[-74.8002686,39.0164383],[-74.8003811,39.0162811],[-74.8004882,39.0161381],[-74.8006061,39.0159807],[-74.8007882,39.0157197],[-74.800965,39.0155034],[-74.8010398,39.015352],[-74.8010859,39.0152089],[-74.8011141,39.0150772],[-74.801114,39.0150567],[-74.8011136,39.0149763],[-74.8011059,39.0148502],[-74.8010947,39.0147354],[-74.8010476,39.0146598],[-74.8008999,39.0145425],[-74.8007522,39.0144504],[-74.8005434,39.0143221],[-74.8000745,39.0141163],[-74.799991,39.0140797],[-74.7996672,39.0139292],[-74.7992243,39.0136866],[-74.7990028,39.0135415],[-74.7987293,39.0133908],[-74.7985492,39.0132904],[-74.7985197,39.0132675],[-74.7983727,39.0131536],[-74.7982429,39.0130306],[-74.7981668,39.0128879],[-74.7981269,39.0127843],[-74.7981254,39.0127786],[-74.7980867,39.0126276],[-74.7980626,39.0124371],[-74.798022,39.0121682],[-74.7979599,39.0119358],[-74.7978908,39.0117258],[-74.7978509,39.0116194],[-74.7977693,39.0114375],[-74.7976949,39.0112555],[-74.7976748,39.011188],[-74.7976512,39.0111085],[-74.7976356,39.0110203],[-74.7976345,39.0107667],[-74.7976437,39.0106154],[-74.7976749,39.0104073],[-74.7976874,39.0103239],[-74.7977438,39.0100631],[-74.7977783,39.009937],[-74.7978547,39.0097532],[-74.7979197,39.0096172],[-74.7981136,39.0091922],[-74.7981342,39.0091462],[-74.7982337,39.0089243],[-74.7983634,39.0085891],[-74.7984105,39.0084629],[-74.7985293,39.0081221],[-74.7985871,39.0079777],[-74.7986994,39.0077952],[-74.7988048,39.0076675],[-74.7990206,39.0075198],[-74.7991532,39.0074536],[-74.7992733,39.0074057],[-74.7994383,39.0073604],[-74.7997639,39.0072938],[-74.8001049,39.0072312],[-74.8003309,39.0071774],[-74.8004134,39.0071569],[-74.8005417,39.007125],[-74.8010258,39.0069641],[-74.8018035,39.0065922],[-74.8019174,39.0065308],[-74.8029117,39.0068094],[-74.803702,39.0070628],[-74.804377,39.007274],[-74.8045656,39.007278],[-74.805152,39.0073057],[-74.8055143,39.0073228],[-74.8056973,39.0073314],[-74.8057526,39.0073624],[-74.8057991,39.0073954],[-74.8058669,39.00745],[-74.8059341,39.0075325],[-74.8059555,39.0075645],[-74.8059729,39.0076058],[-74.8059823,39.007643],[-74.8059878,39.0076874],[-74.8059921,39.0077484],[-74.8060016,39.0078135],[-74.8060217,39.0078775],[-74.8060657,39.0079446],[-74.8061229,39.007993],[-74.8062117,39.008034],[-74.8062134,39.0080331],[-74.8062386,39.0080126],[-74.8062636,39.0079855],[-74.8062985,39.0079191],[-74.8063182,39.0078748],[-74.8063443,39.0078191],[-74.8063734,39.0077739],[-74.8063975,39.007751],[-74.8064415,39.0077287],[-74.8064718,39.0077131],[-74.8064938,39.0077065],[-74.8065421,39.0077047],[-74.8065715,39.0077054],[-74.8066061,39.0077103],[-74.8066293,39.0077192],[-74.8066772,39.007751],[-74.8066946,39.007769],[-74.8067324,39.0078019],[-74.8067451,39.0078131],[-74.8068273,39.0078849],[-74.8068663,39.0079176],[-74.8069042,39.0079502],[-74.8069264,39.0079829],[-74.8069391,39.0080116],[-74.8069434,39.0080402],[-74.8069451,39.0080729],[-74.806939,39.0081008],[-74.8069327,39.0081197],[-74.8069192,39.0081434],[-74.8069014,39.0081632],[-74.8068691,39.0081943],[-74.8068283,39.0082264],[-74.8067864,39.008256],[-74.8067403,39.0082905],[-74.8067011,39.0083233],[-74.8066792,39.0083513],[-74.8066646,39.0083709],[-74.8066553,39.0083923],[-74.8066511,39.0084054],[-74.8066491,39.0084234],[-74.8066524,39.0084455],[-74.8066556,39.0084741],[-74.8066652,39.0085142],[-74.8066769,39.0085437],[-74.806698,39.0085764],[-74.8067096,39.0085903],[-74.8067402,39.0086107],[-74.806758,39.0086163],[-74.8068021,39.0086244],[-74.8068305,39.008626],[-74.8068547,39.0086259],[-74.8068819,39.0086242],[-74.8069133,39.0086151],[-74.8069511,39.0085954],[-74.8070055,39.0085633],[-74.8070474,39.0085402],[-74.8070882,39.0085229],[-74.8071647,39.0084957],[-74.8072386,39.0084734],[-74.8073227,39.0084478],[-74.8073893,39.0084292],[-74.807449,39.0084061],[-74.8075014,39.0083814],[-74.807537,39.0083617],[-74.8075883,39.008328],[-74.807639,39.0082844],[-74.8076661,39.0082491],[-74.8076838,39.0082082],[-74.807692,39.0081639],[-74.8076918,39.008132],[-74.8076853,39.0080845],[-74.8076758,39.00806],[-74.8076589,39.0080322],[-74.8076368,39.0080093],[-74.8076031,39.0079881],[-74.8075526,39.0079653],[-74.807509,39.0079515],[-74.8074407,39.0079312],[-74.807385,39.0079199],[-74.8073482,39.0079044],[-74.8073219,39.0078898],[-74.8073019,39.0078702],[-74.8072829,39.0078448],[-74.8072691,39.0078187],[-74.8072617,39.0077925],[-74.8072616,39.0077696],[-74.8072646,39.0077491],[-74.807275,39.0077204],[-74.8072938,39.0076909],[-74.8073449,39.0076334],[-74.8073915,39.007594],[-74.8074479,39.0075512],[-74.8074897,39.0075085],[-74.8075179,39.0074692],[-74.8075387,39.0074282],[-74.8075485,39.007388],[-74.8075547,39.0073553],[-74.8075629,39.0073061],[-74.8075627,39.0072701],[-74.8075688,39.0072307],[-74.8075813,39.0072062],[-74.8076022,39.0071865],[-74.8076357,39.0071601],[-74.8076902,39.0071371],[-74.8077363,39.0071222],[-74.8077866,39.0071155],[-74.8078286,39.0071122],[-74.8079105,39.0071169],[-74.8079651,39.0071282],[-74.8080575,39.0071525],[-74.8081456,39.0071829],[-74.8081602,39.0071906],[-74.8081806,39.0072032],[-74.8082021,39.0072186],[-74.8082206,39.0072342],[-74.8082337,39.0072521],[-74.8082484,39.0072754],[-74.808273,39.0073088],[-74.8083077,39.007341],[-74.8083346,39.0073607],[-74.8083573,39.007375],[-74.8083742,39.0073869],[-74.8083935,39.007397],[-74.808418,39.0074095],[-74.808458,39.007434],[-74.8084873,39.0074542],[-74.8085149,39.0074769],[-74.8085411,39.0075013],[-74.8085685,39.0075372],[-74.8086001,39.0075742],[-74.8086247,39.0075993],[-74.808644,39.0076147],[-74.808677,39.0076308],[-74.8087139,39.0076385],[-74.8087415,39.0076408],[-74.808779,39.0076407],[-74.8088082,39.0076364],[-74.8088526,39.0076268],[-74.8089296,39.0076032],[-74.8089771,39.0075947],[-74.8090192,39.0075928],[-74.8090369,39.007594],[-74.8090814,39.0076028],[-74.8091221,39.0076189],[-74.8091598,39.0076445],[-74.8091852,39.0076695],[-74.8092037,39.007697],[-74.8092184,39.0077323],[-74.8092322,39.0077992],[-74.8092361,39.0078309],[-74.8092494,39.0078764],[-74.8092696,39.0079332],[-74.8092884,39.0079601],[-74.8093131,39.0079863],[-74.8093369,39.008003],[-74.8093523,39.0080095],[-74.8094061,39.0080286],[-74.8095097,39.0080576],[-74.8096124,39.008087],[-74.8096312,39.0080915],[-74.8096496,39.0080964],[-74.8096677,39.0081017],[-74.8096854,39.0081075],[-74.8097027,39.0081137],[-74.8097197,39.0081202],[-74.8097363,39.0081272],[-74.8097525,39.0081347],[-74.8097657,39.0081416],[-74.8097787,39.0081497],[-74.8097916,39.008159],[-74.8098048,39.0081699],[-74.8098158,39.0081799],[-74.8098276,39.0081914],[-74.8098778,39.0082434],[-74.8098909,39.0082556],[-74.8099032,39.0082662],[-74.8099154,39.0082755],[-74.8099276,39.0082836],[-74.8099398,39.0082906],[-74.8099523,39.0082965],[-74.8099713,39.0083043],[-74.8099909,39.0083115],[-74.8100108,39.008318],[-74.8100307,39.0083238],[-74.8100504,39.0083288],[-74.8100696,39.0083329],[-74.8100883,39.0083361],[-74.8101063,39.0083384],[-74.8101228,39.0083397],[-74.8101398,39.0083399],[-74.8101572,39.0083393],[-74.8101751,39.0083377],[-74.8101936,39.0083352],[-74.8102126,39.0083317],[-74.8102322,39.0083273],[-74.8102525,39.0083219],[-74.8102726,39.0083159],[-74.8102934,39.0083089],[-74.8103152,39.0083009],[-74.8103381,39.0082919],[-74.8103863,39.0082713],[-74.8104574,39.0082387],[-74.8104752,39.0082302],[-74.810493,39.008221],[-74.8105108,39.008211],[-74.8105286,39.0082003],[-74.8105465,39.0081889],[-74.8105646,39.0081767],[-74.8105829,39.0081636],[-74.8106016,39.0081496],[-74.8106349,39.008123],[-74.8106711,39.0080923],[-74.8107047,39.0080625],[-74.810778,39.0079962],[-74.8108095,39.0079685],[-74.8109275,39.0078676],[-74.8109606,39.0078381],[-74.8109892,39.0078112],[-74.8110177,39.0077828],[-74.8110429,39.0077555],[-74.8110653,39.0077289],[-74.811085,39.0077028],[-74.8110995,39.0076809],[-74.8111129,39.0076574],[-74.8111254,39.007632],[-74.8111371,39.0076043],[-74.8111468,39.0075782],[-74.8111566,39.0075489],[-74.8111888,39.007441],[-74.8112031,39.0073973],[-74.8112116,39.0073741],[-74.8112203,39.0073528],[-74.8112293,39.0073328],[-74.8112388,39.007314],[-74.8112526,39.0072889],[-74.8112676,39.0072629],[-74.8112842,39.0072358],[-74.8113025,39.0072069],[-74.8113382,39.0071533],[-74.8114247,39.0070271],[-74.8114561,39.0069795],[-74.811535,39.0068569],[-74.8115584,39.0068219],[-74.8115799,39.0067906],[-74.8116057,39.0067549],[-74.8116309,39.006722],[-74.8116559,39.0066915],[-74.8116809,39.0066628],[-74.8117189,39.0066212],[-74.8117475,39.0065908],[-74.8117739,39.0065636],[-74.8117989,39.0065393],[-74.8118238,39.0065164],[-74.8118483,39.0064953],[-74.8118726,39.006476],[-74.8118969,39.0064581],[-74.8119311,39.0064343],[-74.8119582,39.0064161],[-74.8119832,39.0064003],[-74.8120065,39.0063865],[-74.8120293,39.0063742],[-74.8120512,39.0063635],[-74.8120723,39.0063545],[-74.8120928,39.006347],[-74.812107,39.0063426],[-74.8121217,39.0063386],[-74.8121369,39.006335],[-74.8121526,39.0063318],[-74.8121688,39.0063291],[-74.8121854,39.0063268],[-74.8122025,39.006325],[-74.81222,39.0063236],[-74.8122379,39.0063226],[-74.8122561,39.006322],[-74.8122746,39.006322],[-74.8122934,39.0063223],[-74.8123124,39.0063231],[-74.8123317,39.0063244],[-74.8123705,39.0063282],[-74.8124099,39.0063338],[-74.8124491,39.0063411],[-74.8124876,39.00635],[-74.8125065,39.006355],[-74.8125251,39.0063604],[-74.8125433,39.0063661],[-74.8125611,39.0063722],[-74.8125784,39.0063785],[-74.8125951,39.0063852],[-74.8126113,39.0063922],[-74.8126269,39.0063994],[-74.8126418,39.0064068],[-74.8126561,39.0064145],[-74.8126672,39.0064213],[-74.8126783,39.006429],[-74.8126895,39.0064378],[-74.8127011,39.0064479],[-74.8127211,39.0064675],[-74.8127666,39.0065151],[-74.8127785,39.0065267],[-74.8127897,39.0065367],[-74.8128006,39.0065457],[-74.8128114,39.0065537],[-74.8128222,39.0065608],[-74.8128332,39.0065671],[-74.8128652,39.0065844],[-74.8128852,39.006594],[-74.8128945,39.0065979],[-74.8129031,39.006601],[-74.8129112,39.0066034],[-74.8129187,39.006605],[-74.812929,39.0066061],[-74.8129395,39.0066057],[-74.8129501,39.0066039],[-74.8129609,39.0066006],[-74.8129717,39.0065959],[-74.8129828,39.0065898],[-74.8129939,39.0065822],[-74.8130053,39.0065732],[-74.8130163,39.0065633],[-74.8130275,39.0065519],[-74.813039,39.0065392],[-74.813051,39.0065249],[-74.8130744,39.0064942],[-74.8131136,39.0064389],[-74.813119,39.0064307],[-74.813124,39.0064218],[-74.8131287,39.0064121],[-74.8131331,39.0064013],[-74.8131399,39.0063808],[-74.8131543,39.0063309],[-74.8131587,39.0063181],[-74.8131632,39.0063069],[-74.8131688,39.0062955],[-74.8131748,39.0062854],[-74.8131815,39.0062763],[-74.8131889,39.0062681],[-74.8132004,39.0062579],[-74.8132139,39.0062481],[-74.8132295,39.0062387],[-74.8132475,39.0062294],[-74.8132639,39.006222],[-74.813283,39.0062142],[-74.8133656,39.0061827],[-74.8133834,39.0061751],[-74.813399,39.0061678],[-74.8134433,39.006145],[-74.8134877,39.0061205],[-74.8135321,39.0060943],[-74.8135767,39.0060662],[-74.8136215,39.0060363],[-74.8136668,39.0060044],[-74.8137128,39.0059704],[-74.8137597,39.005934],[-74.8137999,39.0059016],[-74.8138413,39.0058672],[-74.8138843,39.0058303],[-74.8139298,39.0057903],[-74.8140152,39.005713],[-74.8141694,39.0055705],[-74.8142298,39.0055152],[-74.8142919,39.0054595],[-74.8143484,39.0054104],[-74.8143809,39.005383],[-74.8144124,39.0053569],[-74.8144431,39.0053322],[-74.8144733,39.0053086],[-74.814503,39.005286],[-74.8145323,39.0052645],[-74.8145613,39.0052438],[-74.8145901,39.0052241],[-74.8146249,39.0052011],[-74.8146594,39.0051794],[-74.8146939,39.0051589],[-74.8147282,39.0051395],[-74.8147625,39.0051212],[-74.8147968,39.005104],[-74.8148311,39.0050879],[-74.8148655,39.0050728],[-74.8149001,39.0050587],[-74.8149348,39.0050457],[-74.8149697,39.0050337],[-74.8150047,39.0050226],[-74.81504,39.0050126],[-74.8150755,39.0050036],[-74.8151113,39.0049956],[-74.8151473,39.0049886],[-74.8151744,39.0049846],[-74.8152318,39.0049787],[-74.8152561,39.0049755],[-74.815269,39.0049732],[-74.8152809,39.0049707],[-74.8152918,39.0049679],[-74.8153019,39.0049647],[-74.8153228,39.0049566],[-74.8153436,39.004947],[-74.8153641,39.0049361],[-74.815384,39.0049238],[-74.815403,39.0049105],[-74.8154208,39.0048963],[-74.8154372,39.0048814],[-74.8154518,39.0048661],[-74.8154588,39.0048578],[-74.8154656,39.0048487],[-74.8154722,39.0048389],[-74.8154787,39.0048282],[-74.8154914,39.0048044],[-74.8155077,39.0047697],[-74.8155168,39.0047487],[-74.8155249,39.0047273],[-74.8155322,39.0047053],[-74.8155385,39.0046829],[-74.8155438,39.0046601],[-74.8155482,39.0046369],[-74.8155516,39.0046135],[-74.8155541,39.0045898],[-74.8155555,39.004566],[-74.815556,39.0045421],[-74.8155554,39.0045181],[-74.8155539,39.0044942],[-74.8155513,39.0044704],[-74.8155478,39.0044467],[-74.8155433,39.0044234],[-74.8155378,39.0044003],[-74.815528,39.0043645],[-74.8155236,39.0043518],[-74.8155189,39.0043406],[-74.8155156,39.0043344],[-74.8155115,39.0043282],[-74.8155065,39.0043218],[-74.8155005,39.0043151],[-74.815488,39.004303],[-74.8154564,39.0042748],[-74.8154486,39.0042671],[-74.8154423,39.00426],[-74.8154365,39.0042523],[-74.8154321,39.0042448],[-74.8154291,39.0042375],[-74.8154273,39.0042302],[-74.8154266,39.0042181],[-74.8154278,39.0042042],[-74.8154307,39.0041888],[-74.8154367,39.004164],[-74.8154396,39.0041539],[-74.8154431,39.004144],[-74.8154473,39.0041343],[-74.8154523,39.0041248],[-74.8154579,39.0041155],[-74.8154642,39.0041064],[-74.8154712,39.0040976],[-74.815479,39.0040889],[-74.8154874,39.0040804],[-74.8154966,39.0040721],[-74.8155065,39.0040639],[-74.8155171,39.0040559],[-74.8155285,39.0040481],[-74.8155407,39.0040403],[-74.8155536,39.0040327],[-74.8155674,39.0040252],[-74.815591,39.0040135],[-74.815617,39.0040018],[-74.8156456,39.0039902],[-74.8156775,39.0039782],[-74.815706,39.0039682],[-74.8157385,39.0039574],[-74.8158486,39.0039222],[-74.8158893,39.0039088],[-74.8159285,39.0038953],[-74.815963,39.0038824],[-74.8159969,39.0038686],[-74.8160274,39.0038548],[-74.816055,39.0038408],[-74.8160798,39.0038264],[-74.8161424,39.0037872],[-74.8161957,39.0037529],[-74.8162437,39.0037209],[-74.8162876,39.0036903],[-74.8163078,39.0036752],[-74.8163276,39.0036589],[-74.816347,39.0036413],[-74.8163661,39.0036226],[-74.8163849,39.0036025],[-74.8164035,39.003581],[-74.816422,39.0035581],[-74.8164405,39.0035335],[-74.8164562,39.0035114],[-74.8164721,39.0034878],[-74.8164884,39.0034625],[-74.8165053,39.0034351],[-74.8165367,39.003382],[-74.8166143,39.0032462],[-74.8166371,39.0032082],[-74.8166582,39.0031747],[-74.8166828,39.0031383],[-74.8167068,39.0031056],[-74.8167306,39.003076],[-74.8167547,39.0030492],[-74.8167697,39.0030339],[-74.816785,39.0030195],[-74.8168004,39.0030061],[-74.8168161,39.0029935],[-74.8168321,39.0029818],[-74.8168483,39.002971],[-74.8168648,39.002961],[-74.8168817,39.0029519],[-74.8168989,39.0029435],[-74.8169165,39.002936],[-74.8169344,39.0029293],[-74.8169527,39.0029234],[-74.8169714,39.0029183],[-74.8169905,39.002914],[-74.81701,39.0029106],[-74.81703,39.0029079],[-74.8170652,39.0029035],[-74.8170756,39.0029029],[-74.8170846,39.002903],[-74.8170954,39.0029044],[-74.8171063,39.0029071],[-74.8171173,39.0029113],[-74.8171288,39.002917],[-74.817138,39.0029224],[-74.817148,39.0029289],[-74.8171858,39.0029565],[-74.8172019,39.0029672],[-74.8172315,39.0029856],[-74.8172602,39.0030044],[-74.817288,39.0030235],[-74.817315,39.003043],[-74.8173409,39.0030627],[-74.8173658,39.0030828],[-74.8173897,39.003103],[-74.8174124,39.0031234],[-74.8174216,39.0031325],[-74.8174305,39.0031424],[-74.8174393,39.0031535],[-74.8174481,39.0031658],[-74.8174639,39.0031907],[-74.8174915,39.0032383],[-74.8175027,39.0032569],[-74.8175149,39.0032752],[-74.8175268,39.0032907],[-74.8175343,39.0032991],[-74.8175418,39.0033068],[-74.8175495,39.0033138],[-74.8175575,39.0033202],[-74.8175657,39.0033258],[-74.8175741,39.0033309],[-74.8175829,39.0033353],[-74.817592,39.0033391],[-74.8176102,39.0033455],[-74.8176294,39.0033511],[-74.8176491,39.003356],[-74.8176687,39.0033598],[-74.8176875,39.0033626],[-74.8177055,39.0033642],[-74.8177223,39.0033648],[-74.8177378,39.0033641],[-74.8177473,39.0033631],[-74.8177568,39.0033613],[-74.8177665,39.003359],[-74.8177762,39.0033559],[-74.817786,39.0033522],[-74.817796,39.0033478],[-74.8178062,39.0033427],[-74.8178167,39.0033369],[-74.8178353,39.0033251],[-74.8178557,39.0033107],[-74.8178747,39.0032961],[-74.8179165,39.0032629],[-74.8179352,39.0032488],[-74.8179488,39.0032385],[-74.8179625,39.0032274],[-74.8179763,39.0032153],[-74.8179905,39.003202],[-74.8180184,39.0031739],[-74.818072,39.0031164],[-74.818095,39.0030926],[-74.8181201,39.0030686],[-74.818144,39.0030481],[-74.8181704,39.0030277],[-74.8181992,39.0030075],[-74.8182306,39.0029872],[-74.8182651,39.0029665],[-74.8182981,39.0029478],[-74.8183354,39.0029278],[-74.8184739,39.0028565],[-74.8185299,39.0028267],[-74.8185594,39.0028101],[-74.8185864,39.0027942],[-74.8186115,39.0027786],[-74.8186349,39.0027631],[-74.8186711,39.0027381],[-74.818707,39.0027128],[-74.8187424,39.0026871],[-74.8187775,39.0026611],[-74.8188122,39.0026347],[-74.8188465,39.002608],[-74.8188804,39.0025808],[-74.818914,39.0025534],[-74.8190324,39.0024552],[-74.8189037,39.002351],[-74.8190478,39.0022475],[-74.8193665,39.0020144],[-74.8196343,39.0018041],[-74.8197868,39.0017697],[-74.81989,39.0017767],[-74.8200724,39.0018405],[-74.820228,39.0020703],[-74.8203043,39.0022335],[-74.820418,39.0023135],[-74.820683,39.0024279],[-74.8212783,39.0026029],[-74.8227446,39.0034706],[-74.8248952,39.0050747],[-74.8258011,39.0053961],[-74.8284325,39.0056397],[-74.8289875,39.007075],[-74.8292733,39.0071896],[-74.8293875,39.007174],[-74.8294526,39.0071522],[-74.8295044,39.0071436],[-74.8296072,39.0071037],[-74.8291621,39.0060503],[-74.8297857,39.0059041],[-74.8294263,39.0040251],[-74.8306629,39.0032938],[-74.8308579,39.0011774],[-74.8258052,38.9959254],[-74.8257591,38.9958776],[-74.8266099,38.9958753],[-74.8272499,38.9958545],[-74.828441,38.9958259],[-74.8289189,38.9957929],[-74.8296844,38.9957528],[-74.8301056,38.9957073],[-74.8304214,38.9956653],[-74.8306965,38.9955887],[-74.8308987,38.9954964],[-74.8310725,38.9954043],[-74.8311976,38.9953027],[-74.8313145,38.9951854],[-74.8314595,38.9950048],[-74.8315803,38.9948369],[-74.8317512,38.9945582],[-74.831868,38.9944061],[-74.8319767,38.9942667],[-74.8321178,38.9941177],[-74.832175,38.9940626],[-74.8324557,38.9936666],[-74.8335663,38.9915328],[-74.8710555,39.0043591],[-74.8719756,39.0046737],[-74.876776,39.0075036],[-74.888786,39.014579],[-74.8652995,39.0307132],[-74.8458076,39.0813091],[-74.8443195,39.0806974],[-74.8154454,39.1070701],[-74.765805,39.0820455]]],[[[-74.7741946,39.1447304],[-74.8443195,39.0806974],[-74.8961396,39.1019967],[-74.896139,39.1019979],[-74.8960961,39.1020794],[-74.8960835,39.1021207],[-74.8960788,39.102142],[-74.8960709,39.102162],[-74.8960629,39.1021795],[-74.8960518,39.1021971],[-74.8960423,39.1022146],[-74.8960176,39.1022573],[-74.8960018,39.1022898],[-74.8959858,39.1023124],[-74.8959747,39.10234],[-74.8959669,39.1023788],[-74.8959591,39.1024176],[-74.8959259,39.102499],[-74.8958831,39.1026079],[-74.8958595,39.1026831],[-74.8958213,39.102752],[-74.8957809,39.1028447],[-74.8957683,39.1028823],[-74.8957556,39.1029199],[-74.8957541,39.1029386],[-74.8957511,39.1029674],[-74.895748,39.1029812],[-74.8957385,39.1030037],[-74.8957273,39.1030163],[-74.8957178,39.1030351],[-74.8957115,39.1030614],[-74.8957036,39.1030889],[-74.8956957,39.1031127],[-74.8956894,39.1031352],[-74.8956736,39.1031653],[-74.8956592,39.1031929],[-74.8956237,39.1032993],[-74.8956064,39.1033582],[-74.8955954,39.1034057],[-74.8955764,39.1034533],[-74.8955559,39.1035097],[-74.8955399,39.1035335],[-74.8955288,39.1035598],[-74.8955162,39.1036024],[-74.8954942,39.1036738],[-74.8954746,39.1037576],[-74.8954605,39.1038215],[-74.8954447,39.1038753],[-74.8954305,39.1039129],[-74.8954194,39.1039455],[-74.8954036,39.1039793],[-74.8953861,39.1040169],[-74.8953703,39.1040569],[-74.895353,39.104117],[-74.895342,39.1041696],[-74.8953351,39.1042322],[-74.8953289,39.1042647],[-74.8953226,39.1042898],[-74.8953163,39.1043161],[-74.8953036,39.1043361],[-74.8952845,39.1043637],[-74.8952671,39.1044063],[-74.8952561,39.1044539],[-74.8952386,39.1044902],[-74.895226,39.104529],[-74.8952181,39.1045515],[-74.8952118,39.1045728],[-74.8951959,39.1046054],[-74.895188,39.104628],[-74.8951818,39.1046555],[-74.8951764,39.1047005],[-74.8951672,39.1047706],[-74.8951562,39.1048132],[-74.8951419,39.1048395],[-74.8951276,39.1048708],[-74.8951165,39.1048934],[-74.895107,39.1049147],[-74.8951039,39.104936],[-74.8951008,39.1049585],[-74.8950945,39.104976],[-74.8950833,39.1049936],[-74.8950754,39.1050086],[-74.8950675,39.1050299],[-74.8950628,39.1050599],[-74.8950582,39.1050975],[-74.8950488,39.10514],[-74.8950386,39.1051763],[-74.8950229,39.1052427],[-74.8949975,39.1053016],[-74.894977,39.1053542],[-74.8949659,39.1053892],[-74.8949484,39.1054218],[-74.8949309,39.1054481],[-74.894923,39.1054644],[-74.8948749,39.1056197],[-74.8948386,39.1057362],[-74.8947912,39.1058614],[-74.8947565,39.1059816],[-74.8947289,39.1060755],[-74.8947134,39.1061769],[-74.8946883,39.1062733],[-74.8946695,39.1063509],[-74.8946634,39.106426],[-74.8946511,39.1065136],[-74.8946426,39.1065774],[-74.8946173,39.10665],[-74.8946016,39.1066964],[-74.8945471,39.1071697],[-74.8945431,39.1071944],[-74.8945306,39.1072274],[-74.8945055,39.1072669],[-74.8944803,39.1072999],[-74.8944593,39.1073197],[-74.8944299,39.1073346],[-74.8944068,39.1073544],[-74.8943627,39.1074039],[-74.8943398,39.10745],[-74.8942741,39.1075982],[-74.8942074,39.107758],[-74.8941533,39.1078848],[-74.8941118,39.1080181],[-74.894089,39.1081004],[-74.8940545,39.1082518],[-74.894039,39.1083111],[-74.8940256,39.1083613],[-74.8939982,39.1084724],[-74.8939952,39.1085012],[-74.8939954,39.1085291],[-74.8939934,39.1085456],[-74.8939871,39.1085604],[-74.8939819,39.1085678],[-74.8939693,39.1085769],[-74.8939609,39.1085868],[-74.8939578,39.108595],[-74.8939536,39.108609],[-74.8939516,39.108632],[-74.8939528,39.1086477],[-74.8939571,39.1086633],[-74.8939582,39.1086772],[-74.8939551,39.1086888],[-74.8939499,39.1086962],[-74.8939425,39.1087052],[-74.8939347,39.108716],[-74.8939232,39.1087382],[-74.8939138,39.1087563],[-74.8939077,39.1087991],[-74.8939036,39.1088271],[-74.8938974,39.1088427],[-74.8938818,39.1088872],[-74.8938579,39.1089464],[-74.893836,39.108995],[-74.8938335,39.1090189],[-74.8938367,39.1090304],[-74.8938505,39.1090443],[-74.8938812,39.1090623],[-74.8939183,39.1090811],[-74.8939278,39.1090876],[-74.8939279,39.1091016],[-74.8939227,39.1091148],[-74.8939153,39.1091263],[-74.8939017,39.1091321],[-74.8938805,39.1091322],[-74.8938615,39.1091331],[-74.8938436,39.1091381],[-74.8938289,39.1091381],[-74.8937803,39.1091292],[-74.8937189,39.1091097],[-74.8936967,39.1090999],[-74.8936787,39.1090802],[-74.8936575,39.1090589],[-74.8936384,39.1090516],[-74.8936205,39.1090525],[-74.8936068,39.1090575],[-74.8935889,39.1090699],[-74.8935795,39.1090831],[-74.8935701,39.1090962],[-74.8935543,39.1091095],[-74.8935333,39.1091235],[-74.8935122,39.109131],[-74.8934764,39.1091484],[-74.8934591,39.1091632],[-74.8934434,39.1091879],[-74.893434,39.1092102],[-74.8934247,39.1092373],[-74.8934059,39.1092678],[-74.8933939,39.109295],[-74.8933761,39.1093279],[-74.8933604,39.1093469],[-74.8933457,39.1093593],[-74.8933278,39.1093717],[-74.8933131,39.1093882],[-74.8932954,39.1094219],[-74.893284,39.1094631],[-74.8932789,39.1094993],[-74.8932727,39.1095264],[-74.893256,39.1095586],[-74.8932446,39.1095907],[-74.8932192,39.1096689],[-74.8931942,39.1097405],[-74.8931892,39.109789],[-74.8931916,39.1098301],[-74.893197,39.1098597],[-74.8931868,39.1099157],[-74.8931806,39.1099403],[-74.893168,39.1099609],[-74.8931596,39.1099684],[-74.8931461,39.1100054],[-74.893137,39.1100753],[-74.8931299,39.1101247],[-74.8931332,39.1101477],[-74.8931343,39.1101674],[-74.893126,39.1101864],[-74.8928586,39.1108572],[-74.892836,39.1109319],[-74.8927846,39.1111241],[-74.8927324,39.1113219],[-74.8926702,39.1115512],[-74.8925765,39.1117527],[-74.8925108,39.1119047],[-74.8924553,39.1120666],[-74.8924024,39.1122244],[-74.8923646,39.1123483],[-74.8923319,39.1124602],[-74.8922931,39.1126161],[-74.8922529,39.1127699],[-74.8922053,39.1129598],[-74.8921653,39.1131416],[-74.8921368,39.1133173],[-74.8921321,39.1133892],[-74.8921249,39.1134911],[-74.8920999,39.1135929],[-74.8920747,39.1136769],[-74.8920496,39.1137728],[-74.8920246,39.1138887],[-74.8919986,39.1140524],[-74.8919914,39.1141263],[-74.8919872,39.1141681],[-74.8919996,39.1142349],[-74.8920001,39.1143116],[-74.8919755,39.1144498],[-74.8919453,39.1145836],[-74.891943,39.1146757],[-74.8919102,39.1148489],[-74.8918938,39.1149345],[-74.8918692,39.1150749],[-74.89185,39.115167],[-74.8918057,39.1152811],[-74.8917834,39.1153294],[-74.8917678,39.1153664],[-74.8917667,39.1153689],[-74.8917683,39.1153886],[-74.8917712,39.1154062],[-74.8917882,39.1154258],[-74.8918135,39.1154367],[-74.8918284,39.1154469],[-74.891839,39.1154542],[-74.8918419,39.1154848],[-74.891834,39.1155682],[-74.8917124,39.1163647],[-74.8915601,39.1163239],[-74.8915366,39.1165306],[-74.8915141,39.1166792],[-74.8914879,39.1168657],[-74.8914787,39.1169673],[-74.8914843,39.1170049],[-74.8914908,39.1170491],[-74.8915126,39.1171248],[-74.8915534,39.1172822],[-74.8915537,39.1173398],[-74.8915465,39.117449],[-74.8915411,39.1175247],[-74.8915493,39.1175884],[-74.8915535,39.117658],[-74.8915538,39.1177081],[-74.8915463,39.1177566],[-74.891476,39.1182402],[-74.8914548,39.1182691],[-74.8914238,39.1183041],[-74.8914085,39.1183359],[-74.8913931,39.1183708],[-74.8913751,39.1184512],[-74.8913714,39.1185028],[-74.8913698,39.1185497],[-74.891368,39.1185816],[-74.8913624,39.1186271],[-74.891351,39.1186801],[-74.8913435,39.1187317],[-74.8913418,39.1187711],[-74.8913364,39.1188499],[-74.8913328,39.1190833],[-74.8913237,39.1191939],[-74.8913071,39.1193486],[-74.8912929,39.1194199],[-74.89127,39.1194987],[-74.8912566,39.1195518],[-74.891254,39.1195893],[-74.891251,39.1196317],[-74.8912458,39.1197064],[-74.8912483,39.1197973],[-74.8912485,39.1198337],[-74.8912468,39.1198746],[-74.8912451,39.1199216],[-74.8912445,39.1199913],[-74.8912426,39.120005],[-74.8912331,39.1200399],[-74.8912235,39.1200763],[-74.8912218,39.1201126],[-74.8912182,39.1201718],[-74.8912187,39.120249],[-74.8912095,39.1203582],[-74.8911959,39.120881],[-74.8911947,39.1209896],[-74.8911913,39.1212872],[-74.8911976,39.121366],[-74.8911959,39.1214084],[-74.8911998,39.1215872],[-74.8911928,39.1217251],[-74.8911874,39.1217994],[-74.891206,39.1221828],[-74.8912181,39.122263],[-74.8912282,39.1223282],[-74.8912324,39.1223797],[-74.8912348,39.1224585],[-74.8912442,39.1225721],[-74.8912465,39.1226388],[-74.8912449,39.122713],[-74.8912434,39.1227797],[-74.8912417,39.1228282],[-74.8912418,39.1228561],[-74.8912419,39.1228722],[-74.8912422,39.1229207],[-74.8912584,39.1232176],[-74.8912588,39.1232782],[-74.8912671,39.1233722],[-74.8912831,39.123463],[-74.8912951,39.1235206],[-74.891307,39.123563],[-74.8913075,39.1236372],[-74.8913374,39.1239554],[-74.8913359,39.1240342],[-74.8913462,39.1241296],[-74.8913602,39.1242038],[-74.8913701,39.1242402],[-74.8914304,39.1247597],[-74.8914424,39.1248279],[-74.8914432,39.1248322],[-74.8914942,39.1250112],[-74.8915094,39.1250698],[-74.8915121,39.1250772],[-74.8915059,39.1251302],[-74.8915148,39.125189],[-74.8915083,39.1253209],[-74.891558,39.1254582],[-74.8916365,39.1257714],[-74.8916635,39.125861],[-74.8916627,39.125889],[-74.8916666,39.1259162],[-74.8916752,39.1259338],[-74.8916876,39.1259477],[-74.8916974,39.1259738],[-74.8917506,39.1261505],[-74.8918494,39.1264966],[-74.8919561,39.1267713],[-74.8920626,39.127013],[-74.892162,39.1272163],[-74.8922684,39.127436],[-74.8921336,39.1274471],[-74.8920638,39.1274435],[-74.8920278,39.1274417],[-74.8919222,39.1274747],[-74.8918164,39.1274803],[-74.8916966,39.1274858],[-74.8915345,39.1275024],[-74.8914148,39.127519],[-74.8910612,39.1274972],[-74.8909321,39.1274973],[-74.890885,39.1274974],[-74.8907861,39.1274204],[-74.8906871,39.12736],[-74.8905814,39.1273382],[-74.8904775,39.1273112],[-74.8904544,39.1273053],[-74.8903133,39.1273163],[-74.8901443,39.1273494],[-74.8900306,39.127344],[-74.8898826,39.1273551],[-74.8897557,39.1273607],[-74.8896007,39.1273992],[-74.8895938,39.1274486],[-74.8895926,39.1274592],[-74.8888611,39.1283291],[-74.8888642,39.1283422],[-74.8888612,39.1283589],[-74.8888553,39.128397],[-74.8888511,39.128459],[-74.8888514,39.1285066],[-74.8888593,39.1285531],[-74.888887,39.1285959],[-74.8889162,39.1286184],[-74.888947,39.1286457],[-74.8889588,39.1286689],[-74.8889692,39.1286773],[-74.8890117,39.1287265],[-74.8890665,39.1288203],[-74.8890796,39.1288502],[-74.8890844,39.1288835],[-74.8890785,39.1289217],[-74.889065,39.1289646],[-74.8890437,39.1289957],[-74.8890393,39.1290278],[-74.8890425,39.1290529],[-74.8890442,39.1290743],[-74.8890351,39.1291017],[-74.8890292,39.1291303],[-74.8890277,39.129153],[-74.8890309,39.1291649],[-74.8890417,39.1291767],[-74.8890539,39.1291815],[-74.8890693,39.1291898],[-74.8890831,39.1292064],[-74.8890863,39.1292207],[-74.8890787,39.129241],[-74.8890559,39.1292565],[-74.8890345,39.1292709],[-74.8890209,39.1292912],[-74.8890179,39.1293186],[-74.8890227,39.1293436],[-74.8890397,39.1293686],[-74.889052,39.1293947],[-74.8890506,39.1294078],[-74.889043,39.1294198],[-74.8890308,39.1294258],[-74.8890155,39.1294258],[-74.8889956,39.1294235],[-74.8889603,39.1294093],[-74.8889098,39.129394],[-74.8888577,39.1293823],[-74.8888286,39.1293812],[-74.8888103,39.1293836],[-74.8888088,39.1293884],[-74.8888089,39.1294027],[-74.888812,39.1294122],[-74.8888136,39.1294289],[-74.8888136,39.129431],[-74.8888259,39.1294907],[-74.8888448,39.1295305],[-74.888854,39.1295396],[-74.8888694,39.1295681],[-74.8888742,39.1296074],[-74.888876,39.1296455],[-74.8888945,39.1296693],[-74.888916,39.1296895],[-74.8889482,39.1297001],[-74.888965,39.1297024],[-74.8889895,39.1297071],[-74.8890033,39.1297166],[-74.889011,39.1297285],[-74.8890066,39.1297559],[-74.8889991,39.1297809],[-74.8889824,39.129812],[-74.8889642,39.1298311],[-74.8889429,39.1298478],[-74.8889215,39.1298598],[-74.8888895,39.1298718],[-74.8888513,39.1298851],[-74.888833,39.1299006],[-74.8888148,39.1299197],[-74.8888057,39.129946],[-74.8888028,39.1299674],[-74.8888014,39.1299913],[-74.8888077,39.1300234],[-74.8888154,39.1300413],[-74.8888416,39.130071],[-74.8888616,39.1300876],[-74.8888999,39.1301065],[-74.8889337,39.1301195],[-74.8889644,39.130142],[-74.8889798,39.1301646],[-74.8889814,39.1301861],[-74.8889769,39.1302004],[-74.8889647,39.1302076],[-74.8889296,39.1302112],[-74.8888944,39.1302137],[-74.8888764,39.1302155],[-74.8888684,39.1302162],[-74.8888593,39.1302246],[-74.8888532,39.1302377],[-74.8888503,39.1302663],[-74.888852,39.1302878],[-74.8888541,39.1302904],[-74.8888674,39.1303068],[-74.8888781,39.1303139],[-74.8888919,39.1303198],[-74.8889088,39.1303269],[-74.8889287,39.130334],[-74.8889639,39.1303422],[-74.88899,39.1303504],[-74.8890069,39.1303635],[-74.889007,39.1303766],[-74.8889917,39.1303826],[-74.8889764,39.1303815],[-74.8889534,39.1303732],[-74.8889212,39.1303602],[-74.8888982,39.1303531],[-74.8888753,39.1303568],[-74.8888677,39.1303699],[-74.8888663,39.1303902],[-74.8888725,39.1304033],[-74.8888909,39.1304199],[-74.8889063,39.1304365],[-74.8889233,39.1304531],[-74.8889448,39.1304769],[-74.8889357,39.1304852],[-74.8889127,39.1304853],[-74.8888897,39.1304795],[-74.8888729,39.1304723],[-74.8888545,39.1304724],[-74.8888423,39.1304772],[-74.8888393,39.1304963],[-74.8888425,39.1305153],[-74.8888472,39.1305332],[-74.8888504,39.130557],[-74.8888643,39.1305856],[-74.8888843,39.1305962],[-74.8888996,39.1305962],[-74.8889179,39.1305913],[-74.8889285,39.1305758],[-74.8889407,39.1305627],[-74.8889697,39.1305495],[-74.8889926,39.1305422],[-74.8890383,39.130543],[-74.8890739,39.1305536],[-74.8891015,39.1305606],[-74.8891175,39.1305704],[-74.889128,39.1305873],[-74.8891328,39.130623],[-74.8891364,39.1306543],[-74.8891411,39.1306855],[-74.8891538,39.1306988],[-74.8891642,39.1307113],[-74.8891666,39.1307291],[-74.8891575,39.130755],[-74.8891509,39.1307926],[-74.8891499,39.1308229],[-74.8891568,39.1308407],[-74.8891741,39.1308567],[-74.8891902,39.1308647],[-74.8892213,39.1308798],[-74.8892339,39.1308896],[-74.8892432,39.1309065],[-74.8892444,39.1309243],[-74.8892399,39.1309413],[-74.889232,39.1309512],[-74.8892183,39.1309619],[-74.8892172,39.1309726],[-74.889223,39.1309833],[-74.8892265,39.1309985],[-74.8892209,39.1310163],[-74.8892026,39.1310334],[-74.8891855,39.1310522],[-74.8891845,39.1310727],[-74.8891857,39.1310879],[-74.8891904,39.1311004],[-74.8891985,39.1311191],[-74.8891963,39.1311378],[-74.8891839,39.1311709],[-74.8891704,39.1312138],[-74.889159,39.1312352],[-74.8891397,39.1312639],[-74.8891055,39.1312997],[-74.8890622,39.1313391],[-74.8890406,39.1313758],[-74.8890282,39.1314044],[-74.8890305,39.1314195],[-74.8890398,39.1314275],[-74.8890524,39.1314275],[-74.8890615,39.1314176],[-74.8890683,39.131406],[-74.8890831,39.131397],[-74.8890992,39.1313961],[-74.8891084,39.1313979],[-74.8891222,39.1314148],[-74.8891466,39.13147],[-74.8891594,39.131503],[-74.8891595,39.1315209],[-74.8891526,39.1315325],[-74.8891447,39.1315387],[-74.8891218,39.1315585],[-74.889099,39.131571],[-74.8890865,39.1315889],[-74.8890831,39.1316005],[-74.8890843,39.1316157],[-74.889089,39.1316273],[-74.8891016,39.1316362],[-74.8891166,39.1316477],[-74.889135,39.1316602],[-74.8891603,39.1316753],[-74.8891753,39.1316931],[-74.8891823,39.13171],[-74.8891812,39.1317216],[-74.8891755,39.1317323],[-74.889163,39.1317431],[-74.889147,39.1317539],[-74.889139,39.1317601],[-74.8891356,39.1317673],[-74.8891379,39.1317753],[-74.8891449,39.1317815],[-74.8891506,39.1317824],[-74.8891701,39.1317877],[-74.8891988,39.1317947],[-74.8892344,39.1318071],[-74.8892494,39.1318213],[-74.8892586,39.131841],[-74.889261,39.1318624],[-74.8892577,39.1318749],[-74.889236,39.131891],[-74.8892268,39.1318928],[-74.889205,39.1318867],[-74.8891947,39.1318813],[-74.8891798,39.1318823],[-74.8891592,39.1318913],[-74.8891307,39.1319128],[-74.8890896,39.1319468],[-74.8890849,39.1319524],[-74.8890657,39.1319755],[-74.8890525,39.1319983],[-74.8890419,39.1320166],[-74.8890374,39.132038],[-74.8890375,39.1320666],[-74.8890377,39.1321014],[-74.8890345,39.1321327],[-74.8890357,39.1321461],[-74.8890415,39.1321621],[-74.8890588,39.1321754],[-74.8890772,39.1321852],[-74.8891024,39.1321958],[-74.8891254,39.1322118],[-74.8891439,39.1322269],[-74.8891542,39.1322403],[-74.8891555,39.1322608],[-74.8891487,39.1322724],[-74.8891338,39.1322814],[-74.8891202,39.1323002],[-74.8891226,39.1323216],[-74.8891341,39.1323341],[-74.8891582,39.1323411],[-74.8891812,39.1323419],[-74.8892098,39.1323436],[-74.8892236,39.1323507],[-74.8892283,39.132365],[-74.8892283,39.1323739],[-74.8892238,39.1323873],[-74.8892147,39.1324025],[-74.889208,39.1324195],[-74.8891876,39.1324633],[-74.8891751,39.1324946],[-74.889166,39.1325035],[-74.8891511,39.1325063],[-74.8891424,39.1325058],[-74.8891362,39.1325054],[-74.8891167,39.1325055],[-74.8891064,39.1325082],[-74.8891019,39.1325127],[-74.8890939,39.1325261],[-74.8890872,39.1325538],[-74.8890748,39.1325833],[-74.8890693,39.1326244],[-74.8890649,39.132661],[-74.8890559,39.1326985],[-74.8890461,39.1327356],[-74.8890322,39.1327575],[-74.8890221,39.1328012],[-74.8890262,39.1328364],[-74.8890292,39.1328613],[-74.8890283,39.1328948],[-74.8890216,39.1329244],[-74.8889987,39.1329777],[-74.8889832,39.1330053],[-74.8889735,39.1330341],[-74.8889694,39.1330784],[-74.8889582,39.1331071],[-74.8889457,39.1331414],[-74.8889402,39.1331824],[-74.8889362,39.1332244],[-74.8889264,39.1332576],[-74.888918,39.1332797],[-74.8889053,39.1332952],[-74.8888998,39.1332976],[-74.8888898,39.1333019],[-74.8888671,39.1333086],[-74.8888458,39.1333175],[-74.8888402,39.1333242],[-74.8888403,39.133333],[-74.8888403,39.1333397],[-74.888846,39.1333496],[-74.8888575,39.1333617],[-74.8888732,39.1333893],[-74.8888891,39.1334412],[-74.8889007,39.1334865],[-74.8888995,39.1335196],[-74.8888967,39.1335384],[-74.8888911,39.1335473],[-74.8888713,39.1335629],[-74.8888487,39.1335784],[-74.8888377,39.1335892],[-74.8888374,39.1335895],[-74.8888289,39.1335984],[-74.8888233,39.1336094],[-74.8888107,39.1336404],[-74.8888066,39.1336559],[-74.888808,39.1336692],[-74.8888124,39.1336813],[-74.8888238,39.1336946],[-74.8888357,39.1337054],[-74.8888395,39.1337089],[-74.888858,39.1337221],[-74.8888737,39.1337397],[-74.8888809,39.1337518],[-74.8888781,39.1337662],[-74.8888626,39.1337818],[-74.8888456,39.1337895],[-74.8888341,39.1337941],[-74.8888201,39.1337996],[-74.8888003,39.1338107],[-74.8887664,39.1338329],[-74.8887367,39.1338673],[-74.888734,39.1338861],[-74.8887379,39.133906],[-74.8887384,39.1339082],[-74.8887541,39.1339302],[-74.8887783,39.1339467],[-74.8888047,39.1339565],[-74.8888101,39.1339609],[-74.8888125,39.1339643],[-74.8888135,39.1339705],[-74.8888126,39.1339798],[-74.8888108,39.1339868],[-74.8888077,39.1339907],[-74.8888027,39.1339953],[-74.8887904,39.1340013],[-74.8887843,39.1340042],[-74.8887751,39.134011],[-74.8887708,39.1340174],[-74.8887703,39.1340253],[-74.8887717,39.1340374],[-74.8887756,39.1340477],[-74.8887775,39.1340529],[-74.8887847,39.1340727],[-74.8887905,39.1340948],[-74.8887936,39.134139],[-74.8887924,39.1341744],[-74.8887982,39.1342031],[-74.8887986,39.1342037],[-74.8888064,39.1342593],[-74.8888075,39.134274],[-74.8888189,39.134366],[-74.8888181,39.1343908],[-74.8888075,39.1344229],[-74.888791,39.1344408],[-74.8887741,39.1344575],[-74.8887557,39.1344752],[-74.8887431,39.1344951],[-74.8887304,39.1345284],[-74.8887235,39.1345571],[-74.8887138,39.1346025],[-74.8887041,39.1346401],[-74.8886788,39.1346888],[-74.8886323,39.1347443],[-74.8886082,39.1347695],[-74.8885817,39.1347832],[-74.8885588,39.134796],[-74.8885329,39.1348064],[-74.888507,39.1348169],[-74.8884841,39.1348297],[-74.8884671,39.1348401],[-74.8884568,39.1348477],[-74.8884541,39.1348515],[-74.8884443,39.1348656],[-74.8884362,39.1348795],[-74.8884296,39.1348922],[-74.8884178,39.1349004],[-74.8884059,39.134905],[-74.8883926,39.1349074],[-74.8883786,39.1349138],[-74.8883719,39.1349224],[-74.8883705,39.134934],[-74.8883787,39.1349484],[-74.888387,39.1349599],[-74.8883937,39.1349709],[-74.8883953,39.1349841],[-74.8883927,39.1349917],[-74.8883823,39.1349952],[-74.8883698,39.1349998],[-74.8883572,39.1350079],[-74.8883506,39.1350155],[-74.8883491,39.1350259],[-74.8883507,39.135038],[-74.8883567,39.1350437],[-74.8883626,39.1350483],[-74.8883686,39.1350541],[-74.8883716,39.135061],[-74.8883664,39.1350703],[-74.8883546,39.1350807],[-74.8883436,39.1350911],[-74.8883421,39.1351021],[-74.8883422,39.1351108],[-74.88834,39.1351189],[-74.8883367,39.1351241],[-74.8883299,39.135129],[-74.8883175,39.135138],[-74.8882909,39.1351589],[-74.8882821,39.1351728],[-74.8882807,39.1351924],[-74.8882883,39.1352166],[-74.8883108,39.135265],[-74.888311,39.135302],[-74.8883125,39.1353413],[-74.8883155,39.1353854],[-74.8883177,39.1354217],[-74.888324,39.1354521],[-74.8883316,39.1355581],[-74.8883337,39.1355723],[-74.8883365,39.1355833],[-74.8883399,39.1355917],[-74.8883419,39.1355969],[-74.8883447,39.1356055],[-74.8883165,39.1356528],[-74.8883074,39.135665],[-74.8883024,39.1356717],[-74.8882869,39.1356872],[-74.8882841,39.1356961],[-74.8882884,39.1357071],[-74.8882998,39.1357214],[-74.8883155,39.1357269],[-74.8883325,39.1357313],[-74.8883482,39.1357423],[-74.8883554,39.1357555],[-74.8883554,39.1357688],[-74.8883513,39.1357854],[-74.8883457,39.1357976],[-74.8883472,39.1358097],[-74.8883529,39.1358174],[-74.8883657,39.135824],[-74.8883771,39.1358306],[-74.8883786,39.1358428],[-74.8883716,39.1358649],[-74.8883589,39.1358837],[-74.8883562,39.1358992],[-74.8883562,39.1359125],[-74.8883606,39.1359213],[-74.8883705,39.1359367],[-74.8883706,39.1359478],[-74.8883622,39.1359578],[-74.8883423,39.1359656],[-74.8883225,39.1359712],[-74.888314,39.1359812],[-74.8883141,39.1359867],[-74.8883326,39.1359966],[-74.8883553,39.136002],[-74.888371,39.1360163],[-74.8883711,39.1360407],[-74.8883727,39.1360442],[-74.8883927,39.1360903],[-74.8883985,39.1361058],[-74.8884085,39.1361268],[-74.8884143,39.1361477],[-74.8884144,39.1361643],[-74.888406,39.1361865],[-74.8883849,39.1362186],[-74.8883661,39.1362397],[-74.8883651,39.1362408],[-74.8883496,39.1362629],[-74.888344,39.1362773],[-74.8883498,39.1362895],[-74.8883641,39.1362968],[-74.8883669,39.1362982],[-74.8883854,39.1363026],[-74.8883974,39.1363067],[-74.8884109,39.1363114],[-74.8884266,39.1363202],[-74.8884395,39.13634],[-74.888441,39.1363588],[-74.8884426,39.1363831],[-74.8884413,39.1363986],[-74.8884342,39.1364163],[-74.8884216,39.1364351],[-74.8884103,39.1364473],[-74.8883962,39.1364595],[-74.888382,39.1364695],[-74.8883814,39.1364697],[-74.8883546,39.1364803],[-74.8883508,39.1364818],[-74.8883424,39.1364929],[-74.888341,39.1364995],[-74.8883439,39.1365117],[-74.8883466,39.136513],[-74.8883525,39.136516],[-74.8883781,39.1365259],[-74.8884009,39.1365392],[-74.8884122,39.1365457],[-74.8884592,39.1365665],[-74.888509,39.1365841],[-74.8885545,39.1366049],[-74.8885986,39.1366125],[-74.8886298,39.1366235],[-74.8886343,39.1366279],[-74.8886455,39.1366389],[-74.8886499,39.1366643],[-74.8886529,39.1366919],[-74.8886376,39.1367362],[-74.8886249,39.1367506],[-74.8886093,39.1367584],[-74.8886058,39.136759],[-74.8885852,39.1367629],[-74.8885767,39.1367684],[-74.8885739,39.1367784],[-74.888574,39.1367906],[-74.8885797,39.1368016],[-74.8885855,39.1368159],[-74.8885885,39.1368244],[-74.8885927,39.1368358],[-74.8885957,39.1368679],[-74.888596,39.136922],[-74.8885824,39.1370238],[-74.8885739,39.1370415],[-74.8885655,39.1370526],[-74.8885528,39.1370648],[-74.8885428,39.1370659],[-74.8885258,39.1370627],[-74.8885076,39.1370494],[-74.8885016,39.137045],[-74.888483,39.1370263],[-74.8884775,39.1370205],[-74.8884716,39.1370142],[-74.8884573,39.1370032],[-74.8884488,39.1370021],[-74.8884233,39.1370055],[-74.8883991,39.1370151],[-74.8883836,39.1370211],[-74.8883497,39.1370422],[-74.888337,39.1370578],[-74.888323,39.1370932],[-74.8883147,39.1371341],[-74.888305,39.1371839],[-74.8882995,39.1372182],[-74.8882883,39.1372469],[-74.8882857,39.1372778],[-74.8882786,39.137297],[-74.8882769,39.1373134],[-74.8882805,39.1373257],[-74.8882929,39.1373353],[-74.8883141,39.1373434],[-74.8883457,39.1373474],[-74.8883744,39.1373467],[-74.8884036,39.1373509],[-74.8884179,39.1373554],[-74.8884302,39.1373636],[-74.8884409,39.1373718],[-74.8884463,39.1373882],[-74.8884463,39.1374026],[-74.8884464,39.1374142],[-74.8884465,39.1374362],[-74.8884537,39.1374567],[-74.8884591,39.1374786],[-74.8884591,39.1374923],[-74.8884416,39.1375074],[-74.8884223,39.1375089],[-74.8884117,39.137502],[-74.8884064,39.1374966],[-74.8883974,39.1374706],[-74.8883886,39.1374583],[-74.8883763,39.1374569],[-74.8883622,39.1374584],[-74.8883363,39.1374635],[-74.8883054,39.1374784],[-74.888291,39.1374879],[-74.8882812,39.1374986],[-74.8882722,39.1375104],[-74.8882632,39.1375187],[-74.8882543,39.1375228],[-74.8882518,39.137524],[-74.8882412,39.1375282],[-74.8882344,39.1375318],[-74.888233,39.1375383],[-74.8882345,39.1375471],[-74.8882482,39.1375571],[-74.8882633,39.1375665],[-74.8882642,39.1375671],[-74.8882908,39.13758],[-74.888297,39.1375839],[-74.8883037,39.1375882],[-74.8883068,39.1375964],[-74.8883068,39.1376059],[-74.8883031,39.1376153],[-74.8882979,39.1376284],[-74.88829,39.1376412],[-74.8882863,39.137646],[-74.8882812,39.13765],[-74.8882637,39.1376638],[-74.8882297,39.1376827],[-74.888217,39.1376982],[-74.8882143,39.1377159],[-74.8882172,39.1377325],[-74.8882329,39.1377479],[-74.8882428,39.1377501],[-74.8882628,39.1377566],[-74.8882813,39.1377665],[-74.8882884,39.1377693],[-74.8882983,39.1377731],[-74.8883154,39.1377797],[-74.8883297,39.1377951],[-74.8883369,39.1378117],[-74.8883512,39.1378348],[-74.8883739,39.1378414],[-74.8883867,39.1378413],[-74.8884179,39.1378324],[-74.8884406,39.1378312],[-74.8884591,39.1378311],[-74.8884761,39.1378399],[-74.8885046,39.137863],[-74.8885241,39.1378776],[-74.8885392,39.1378932],[-74.8885483,39.1379108],[-74.8885525,39.1379238],[-74.8885543,39.1379369],[-74.8885549,39.1379468],[-74.8885526,39.1379567],[-74.8885469,39.1379626],[-74.8885354,39.1379689],[-74.8885181,39.137978],[-74.8885019,39.1379848],[-74.8884898,39.1379952],[-74.8884835,39.1380019],[-74.8884772,39.1380137],[-74.8884759,39.13802],[-74.8884738,39.1380294],[-74.8884711,39.1380583],[-74.8884707,39.1380858],[-74.8884731,39.1381056],[-74.888477,39.1381281],[-74.888477,39.1381384],[-74.8884759,39.1381456],[-74.8884713,39.1381501],[-74.888465,39.1381533],[-74.8884598,39.1381565],[-74.8884552,39.1381637],[-74.8884547,39.1381723],[-74.8884547,39.1381835],[-74.8884485,39.1381998],[-74.8884364,39.1382178],[-74.8884243,39.1382305],[-74.8884152,39.1382462],[-74.8884084,39.138281],[-74.8884039,39.1382999],[-74.8884074,39.1383107],[-74.8884144,39.1383188],[-74.8884237,39.1383286],[-74.8884307,39.1383394],[-74.8884345,39.1383569],[-74.8884332,39.1383664],[-74.8883063,39.1387883],[-74.8882993,39.138797],[-74.8882923,39.1388072],[-74.8882893,39.1388293],[-74.8882854,39.138845],[-74.8882713,39.1388569],[-74.8882522,39.1388781],[-74.8882432,39.1388868],[-74.8882382,39.13889],[-74.888223,39.13889],[-74.8881937,39.1388886],[-74.8881735,39.1388894],[-74.8881635,39.1388949],[-74.8881595,39.1389068],[-74.8881595,39.1389178],[-74.8881626,39.1389272],[-74.8881708,39.1389398],[-74.888176,39.1389625],[-74.8881741,39.1389869],[-74.8881713,39.1390294],[-74.8881684,39.1390499],[-74.8881695,39.1390632],[-74.8881766,39.1390774],[-74.8881878,39.1390891],[-74.888202,39.1391079],[-74.8882265,39.1391613],[-74.888247,39.1392085],[-74.8882643,39.1392257],[-74.8882855,39.1392359],[-74.8883027,39.1392374],[-74.8883279,39.1392342],[-74.8883441,39.1392333],[-74.8883592,39.139238],[-74.8883633,39.1392482],[-74.8883584,39.13926],[-74.8883443,39.1392711],[-74.8883191,39.1392822],[-74.888307,39.1392932],[-74.888299,39.139305],[-74.8882981,39.1393176],[-74.8883033,39.1393522],[-74.8883136,39.1393883],[-74.8883248,39.1394088],[-74.8883371,39.1394292],[-74.8883453,39.1394343],[-74.8883533,39.1394393],[-74.8883635,39.1394566],[-74.8883646,39.1394739],[-74.8883606,39.1394889],[-74.8883476,39.1395054],[-74.8883285,39.1395133],[-74.8883103,39.1395134],[-74.8882921,39.1395127],[-74.8882638,39.139508],[-74.8882426,39.1395081],[-74.8882163,39.1395082],[-74.8881911,39.139513],[-74.8881659,39.139521],[-74.8881589,39.1395249],[-74.8881448,39.1395344],[-74.8881418,39.1395486],[-74.8881395,39.1395689],[-74.8881416,39.1396364],[-74.8881502,39.1396792],[-74.8881509,39.1396828],[-74.8881619,39.1396996],[-74.8881945,39.1397136],[-74.8882179,39.1397135],[-74.8882379,39.1397116],[-74.8882486,39.1397106],[-74.8882626,39.1397088],[-74.8883154,39.1397019],[-74.8883786,39.1396961],[-74.8884004,39.139697],[-74.8884093,39.1396974],[-74.8884184,39.1397044],[-74.8884185,39.1397213],[-74.8884132,39.1397424],[-74.8884061,39.1397635],[-74.8883992,39.1398184],[-74.8883741,39.1398635],[-74.8883526,39.1398903],[-74.8883346,39.1399072],[-74.8883004,39.13992],[-74.8882715,39.1399243],[-74.8882498,39.1399328],[-74.8882266,39.1399638],[-74.8881978,39.1399893],[-74.8881509,39.1400077],[-74.8881203,39.1400177],[-74.8880895,39.1400178],[-74.8880836,39.1400176],[-74.888039,39.1400165],[-74.8879938,39.1400223],[-74.8879596,39.1400365],[-74.887938,39.1400478],[-74.8879163,39.1400479],[-74.8878765,39.140041],[-74.8878648,39.1400395],[-74.8878332,39.1400355],[-74.8878205,39.1400369],[-74.8878025,39.140044],[-74.8877882,39.1400666],[-74.8877883,39.1400877],[-74.887792,39.1401102],[-74.8877885,39.1401285],[-74.8877783,39.1401322],[-74.8877412,39.1401313],[-74.8877221,39.1401314],[-74.887691,39.1401334],[-74.8876659,39.1401418],[-74.887623,39.1401653],[-74.887586,39.140184],[-74.8875729,39.1401878],[-74.8875454,39.1401944],[-74.8875222,39.1402052],[-74.8875085,39.1402159],[-74.8875008,39.1402257],[-74.8874949,39.1402397],[-74.8874878,39.1402532],[-74.8874836,39.140263],[-74.8874807,39.1402714],[-74.8874795,39.1402817],[-74.8874766,39.1402915],[-74.8874653,39.1403106],[-74.8874564,39.1403162],[-74.8874475,39.140319],[-74.8874421,39.1403242],[-74.8874428,39.140333],[-74.887447,39.1403414],[-74.8874494,39.1403521],[-74.8874495,39.1403661],[-74.887443,39.140381],[-74.8874161,39.1404174],[-74.8874053,39.1404386],[-74.8873877,39.1404621],[-74.8873592,39.1404866],[-74.8873361,39.1405036],[-74.8873171,39.1405101],[-74.8873062,39.1405143],[-74.8873062,39.1405218],[-74.8873145,39.1405345],[-74.8873268,39.140544],[-74.8873378,39.1405535],[-74.8873364,39.140562],[-74.8873242,39.1405684],[-74.8873079,39.1405695],[-74.8872861,39.1405717],[-74.8872643,39.1405803],[-74.8872283,39.1406069],[-74.887204,39.140632],[-74.8871727,39.1406554],[-74.8871469,39.1406672],[-74.8871265,39.1406694],[-74.8871094,39.1406705],[-74.8870999,39.1406737],[-74.8870986,39.1406785],[-74.8870993,39.1406838],[-74.8871044,39.1406905],[-74.8871211,39.1407048],[-74.8871379,39.1407379],[-74.8871602,39.140763],[-74.8871566,39.1407745],[-74.887152,39.1407796],[-74.8871344,39.1407825],[-74.887103,39.1407783],[-74.8870835,39.1407748],[-74.8870688,39.1407755],[-74.8870633,39.1407806],[-74.8870661,39.1407971],[-74.8870754,39.1408086],[-74.8870912,39.1408179],[-74.8871088,39.1408258],[-74.8871153,39.140838],[-74.8871135,39.1408517],[-74.8870979,39.140869],[-74.887086,39.1408784],[-74.8870796,39.1408914],[-74.8870677,39.1409108],[-74.8870539,39.140921],[-74.8870428,39.1409253],[-74.8870262,39.1409311],[-74.8869939,39.1409334],[-74.8869754,39.1409313],[-74.8869606,39.1409313],[-74.8869393,39.1409336],[-74.8869172,39.1409408],[-74.8869052,39.1409481],[-74.8869062,39.1409553],[-74.8869062,39.1409582],[-74.8869155,39.1409617],[-74.8869321,39.1409653],[-74.8869478,39.1409688],[-74.8869553,39.1409738],[-74.886959,39.1409832],[-74.8869563,39.1409889],[-74.8869379,39.1410005],[-74.8869194,39.1410128],[-74.8869028,39.1410186],[-74.8868825,39.1410252],[-74.8868687,39.141031],[-74.8868614,39.1410418],[-74.8868587,39.1410562],[-74.8868587,39.1410684],[-74.8868533,39.1410792],[-74.8868432,39.1410901],[-74.8868275,39.1411067],[-74.8868193,39.1411204],[-74.8868193,39.1411297],[-74.8868249,39.1411383],[-74.8868342,39.1411433],[-74.8868416,39.1411498],[-74.8868426,39.1411642],[-74.8868381,39.1411779],[-74.8868381,39.1411879],[-74.8868396,39.1411927],[-74.8868419,39.1412002],[-74.8868475,39.1412109],[-74.8868476,39.1412232],[-74.8868412,39.1412326],[-74.8868255,39.1412405],[-74.8868117,39.1412434],[-74.8868045,39.1412451],[-74.8867987,39.1412464],[-74.8867914,39.1412521],[-74.8867693,39.1412724],[-74.8867629,39.1412882],[-74.886763,39.1412976],[-74.8867645,39.1413049],[-74.8867649,39.1413069],[-74.8867705,39.1413163],[-74.8867733,39.1413256],[-74.8867724,39.1413328],[-74.8867678,39.1413379],[-74.8867549,39.1413394],[-74.8867339,39.1413505],[-74.8867263,39.1413546],[-74.8867024,39.1413654],[-74.8866802,39.1413727],[-74.8866719,39.1413814],[-74.8866738,39.1413893],[-74.8866803,39.1413928],[-74.8866905,39.1413957],[-74.8867025,39.1413975],[-74.8867044,39.1413978],[-74.8867136,39.1414014],[-74.8867229,39.1414071],[-74.8867267,39.1414179],[-74.8867239,39.1414251],[-74.8867101,39.1414374],[-74.8866935,39.1414453],[-74.8866853,39.1414526],[-74.8866853,39.1414626],[-74.8866955,39.1414748],[-74.8867076,39.1414834],[-74.8867261,39.1414899],[-74.8867428,39.1414934],[-74.8867493,39.141502],[-74.8867484,39.1415092],[-74.8867328,39.1415186],[-74.886718,39.1415266],[-74.8867033,39.141531],[-74.8866913,39.1415375],[-74.8866922,39.1415439],[-74.8866941,39.1415446],[-74.8867061,39.1415446],[-74.8867264,39.1415445],[-74.8867394,39.1415467],[-74.8867459,39.141551],[-74.8867496,39.1415574],[-74.8867487,39.1415646],[-74.8867386,39.1415697],[-74.8867257,39.1415719],[-74.8867081,39.1415719],[-74.8866887,39.141577],[-74.8866823,39.1415835],[-74.8866823,39.1415915],[-74.8866851,39.1415979],[-74.8866925,39.1416008],[-74.8867083,39.1416051],[-74.8867194,39.1416129],[-74.8867278,39.1416244],[-74.8867362,39.1416467],[-74.8867363,39.1416661],[-74.8867355,39.1416798],[-74.8867309,39.1416921],[-74.8867217,39.1417],[-74.8867051,39.1417087],[-74.8866867,39.1417196],[-74.8866738,39.1417304],[-74.8866425,39.1417499],[-74.886625,39.1417629],[-74.8866103,39.1417767],[-74.8865975,39.1417961],[-74.8865856,39.1418113],[-74.8865654,39.1418322],[-74.8865571,39.1418502],[-74.8865443,39.1418769],[-74.886526,39.141905],[-74.8865178,39.1419173],[-74.8864947,39.1419274],[-74.8864753,39.1419318],[-74.8864578,39.1419369],[-74.8864505,39.1419434],[-74.8864376,39.14196],[-74.886434,39.141973],[-74.8864313,39.1419867],[-74.8864304,39.1420011],[-74.8864213,39.1420198],[-74.8864131,39.1420378],[-74.8864076,39.1420551],[-74.8863911,39.142084],[-74.8863766,39.1421243],[-74.8863748,39.1421437],[-74.8863758,39.1421531],[-74.8863842,39.1421617],[-74.8863907,39.1421653],[-74.8864046,39.1421674],[-74.8864156,39.1421695],[-74.886424,39.1421752],[-74.886424,39.142181],[-74.8862419,39.1426087],[-74.8862239,39.1426315],[-74.8861868,39.1426599],[-74.8861125,39.1427253],[-74.8860854,39.1427513],[-74.8860694,39.1427607],[-74.8860281,39.1427632],[-74.8859958,39.1427688],[-74.8859777,39.1427783],[-74.8859617,39.1427964],[-74.8859498,39.1428294],[-74.8859359,39.1428624],[-74.885932,39.1428923],[-74.8859273,39.1429472],[-74.8859175,39.14301],[-74.8859116,39.1430415],[-74.8857877,39.1432443],[-74.885708,39.1433605],[-74.8856285,39.1435208],[-74.8855678,39.1436424],[-74.885559,39.1436807],[-74.8854801,39.1440271],[-74.8854689,39.1441431],[-74.885457,39.144175],[-74.8854468,39.1441912],[-74.8854263,39.1442191],[-74.8854217,39.1442469],[-74.88542,39.1442784],[-74.8854212,39.1443215],[-74.8854294,39.1443498],[-74.8854327,39.144361],[-74.8854375,39.1443932],[-74.8854327,39.1444357],[-74.8854164,39.1444707],[-74.8853956,39.1445554],[-74.8853794,39.1446124],[-74.885382,39.1446731],[-74.8853706,39.1447486],[-74.885345,39.1448057],[-74.8853329,39.1448235],[-74.885306,39.1448543],[-74.8853051,39.1448555],[-74.885284,39.144896],[-74.8852791,39.1449134],[-74.8852776,39.1450156],[-74.8852829,39.1451149],[-74.8852863,39.1451965],[-74.8852993,39.1452321],[-74.8853126,39.1452967],[-74.8853202,39.1453935],[-74.8853208,39.1455004],[-74.8853197,39.1455628],[-74.8853229,39.1456218],[-74.8853275,39.1456696],[-74.8853319,39.1456986],[-74.8853277,39.1457209],[-74.885359,39.1457985],[-74.8854259,39.145929],[-74.8854415,39.1459517],[-74.8854539,39.1459757],[-74.8854696,39.1460188],[-74.8854663,39.1460528],[-74.8854695,39.1460757],[-74.8854728,39.1461047],[-74.8854776,39.1461458],[-74.8854841,39.1461857],[-74.885492,39.1462159],[-74.8855061,39.1462352],[-74.8855202,39.1462569],[-74.8855234,39.146286],[-74.8855243,39.1463089],[-74.8855308,39.1463561],[-74.885531,39.1463972],[-74.8855327,39.1464153],[-74.8855436,39.1464286],[-74.8855576,39.1464358],[-74.8855779,39.1464406],[-74.885595,39.1464465],[-74.8856043,39.1464562],[-74.885606,39.1464695],[-74.8856045,39.14649],[-74.8855954,39.1465155],[-74.8855862,39.1465481],[-74.8855849,39.146582],[-74.8855882,39.1466219],[-74.8856009,39.1466726],[-74.8856089,39.1467234],[-74.8856116,39.1467947],[-74.8856027,39.1468709],[-74.885603,39.1469169],[-74.8856063,39.146952],[-74.8856142,39.1469882],[-74.8856104,39.1470027],[-74.8855997,39.1470318],[-74.8855905,39.1470572],[-74.8852207,39.1478933],[-74.8852164,39.1479034],[-74.8852107,39.1479113],[-74.8852079,39.1479258],[-74.8852123,39.147937],[-74.8852238,39.1479482],[-74.8852385,39.147994],[-74.8852516,39.1480265],[-74.8852821,39.1480857],[-74.8853083,39.1481517],[-74.8853275,39.1482412],[-74.8853395,39.1483318],[-74.8853356,39.1484012],[-74.885333,39.1484527],[-74.8853448,39.1485143],[-74.8853594,39.1485512],[-74.8853669,39.1486071],[-74.8853686,39.148662],[-74.8853804,39.1487134],[-74.8854124,39.1487727],[-74.8854459,39.1488599],[-74.8854534,39.1489113],[-74.8854709,39.1489617],[-74.8854943,39.1490377],[-74.88555,39.1492223],[-74.8855533,39.1492972],[-74.8855681,39.1493868],[-74.8855813,39.1494259],[-74.8856032,39.1494986],[-74.885631,39.1495791],[-74.8856616,39.1496574],[-74.8856637,39.1496757],[-74.8856713,39.1496889],[-74.8856864,39.149702],[-74.8856997,39.1497152],[-74.8857016,39.1497357],[-74.8857001,39.1498016],[-74.8857022,39.1498427],[-74.8857099,39.1498676],[-74.8857307,39.1498866],[-74.8857497,39.1499085],[-74.8857667,39.1499319],[-74.8857896,39.1499831],[-74.8857917,39.1500169],[-74.8857862,39.1500506],[-74.8857715,39.1501093],[-74.8857623,39.1501489],[-74.8857531,39.1501944],[-74.8857281,39.1502766],[-74.8857076,39.1503133],[-74.8856841,39.1503589],[-74.8857001,39.1504099],[-74.8857186,39.1505],[-74.8857304,39.1505331],[-74.8857332,39.1505672],[-74.8857345,39.1505862],[-74.8857307,39.1506003],[-74.8857244,39.1506153],[-74.8857128,39.1506234],[-74.8857116,39.1506304],[-74.8857117,39.1506384],[-74.8857169,39.1506495],[-74.8857221,39.1506605],[-74.8857221,39.1506705],[-74.8857157,39.1506805],[-74.8857055,39.1506946],[-74.8856979,39.1507087],[-74.8856928,39.1507247],[-74.8856929,39.1507428],[-74.8856917,39.1507588],[-74.8856854,39.1507749],[-74.8856764,39.1507849],[-74.88567,39.150786],[-74.8856691,39.150786],[-74.8856622,39.150786],[-74.8856519,39.150786],[-74.8856391,39.1507901],[-74.8856288,39.1507971],[-74.8856225,39.1508122],[-74.8856187,39.1508353],[-74.8856152,39.1508995],[-74.885612,39.1511391],[-74.8856122,39.1511772],[-74.8856098,39.1512003],[-74.885606,39.1512164],[-74.8855945,39.1512394],[-74.8855818,39.1512615],[-74.8855767,39.1512796],[-74.8855716,39.1512967],[-74.8855676,39.1513169],[-74.8855666,39.1513218],[-74.8855613,39.151396],[-74.8855643,39.1514852],[-74.8855737,39.1515494],[-74.8855816,39.1515914],[-74.8855902,39.1516305],[-74.8855917,39.1516364],[-74.8855981,39.1516616],[-74.8856151,39.1516966],[-74.8856268,39.1517367],[-74.8856399,39.1517727],[-74.8856453,39.1518118],[-74.8856467,39.1518419],[-74.8856443,39.151871],[-74.8856354,39.1518881],[-74.8856277,39.1518981],[-74.8856085,39.1519122],[-74.8855918,39.1519203],[-74.8855764,39.1519304],[-74.8855653,39.15194],[-74.8855636,39.1519414],[-74.8855611,39.1519565],[-74.8855599,39.1519786],[-74.8855635,39.1520457],[-74.8855688,39.1520698],[-74.8855779,39.1520888],[-74.8855974,39.1521258],[-74.8856066,39.1521479],[-74.8856119,39.1521759],[-74.8856123,39.1521782],[-74.8856237,39.1521822],[-74.8856339,39.1521873],[-74.8856442,39.1521966],[-74.8856515,39.1522083],[-74.885663,39.1522275],[-74.8856764,39.1522466],[-74.8856848,39.152255],[-74.8857014,39.1522637],[-74.8857335,39.1522722],[-74.8857698,39.1522833],[-74.885852,39.1523084],[-74.8858771,39.1523168],[-74.8858893,39.1523209],[-74.8859023,39.152336],[-74.8859024,39.1523473],[-74.8858976,39.1523587],[-74.8858847,39.1523663],[-74.8858814,39.1523663],[-74.8858636,39.1523663],[-74.8858442,39.1523652],[-74.8858231,39.1523614],[-74.8857988,39.152359],[-74.8857794,39.1523666],[-74.8857727,39.1523679],[-74.8857519,39.1523718],[-74.8857338,39.1523785],[-74.8857211,39.1523832],[-74.8856985,39.1523972],[-74.8856922,39.1524186],[-74.8856908,39.152464],[-74.8856943,39.1525031],[-74.8857008,39.1525207],[-74.885709,39.1525321],[-74.885709,39.1525409],[-74.8857059,39.1525598],[-74.8856979,39.1525737],[-74.885685,39.1525864],[-74.8856673,39.1526117],[-74.8856498,39.1526634],[-74.885646,39.1527038],[-74.8856561,39.1527731],[-74.8856577,39.1527845],[-74.8856708,39.1527996],[-74.8857,39.1528083],[-74.8857227,39.1528095],[-74.885745,39.1528111],[-74.8857567,39.1528119],[-74.8857697,39.1528169],[-74.8857779,39.1528459],[-74.8857798,39.1528976],[-74.8857771,39.1529833],[-74.8857676,39.1530326],[-74.885752,39.1530795],[-74.8857517,39.1530805],[-74.8857421,39.153107],[-74.8857228,39.153203],[-74.8857156,39.1532232],[-74.8857108,39.1532396],[-74.8857077,39.1532616],[-74.885694,39.1532787],[-74.885669,39.1532965],[-74.8856497,39.153318],[-74.8856433,39.1533331],[-74.8856434,39.153355],[-74.8856454,39.153357],[-74.8856647,39.153367],[-74.8856764,39.1533739],[-74.885679,39.1533809],[-74.885679,39.15339],[-74.8856714,39.153412],[-74.8856612,39.1534331],[-74.8856497,39.1534472],[-74.8856428,39.1534515],[-74.8856429,39.1534728],[-74.8856496,39.1534812],[-74.885674,39.1535076],[-74.8857056,39.1535309],[-74.8857193,39.1535521],[-74.8857401,39.1536084],[-74.8857457,39.1536297],[-74.8857443,39.1536392],[-74.885743,39.1536413],[-74.8857403,39.1536418],[-74.8857377,39.1536423],[-74.8857192,39.1536413],[-74.8856927,39.1536414],[-74.8856689,39.1536477],[-74.8856518,39.153655],[-74.8856306,39.1536674],[-74.8856263,39.1536718],[-74.8856214,39.1536767],[-74.8856136,39.1536953],[-74.8855999,39.1537283],[-74.8855981,39.1537633],[-74.8855988,39.1537834],[-74.8856026,39.1537989],[-74.8856086,39.1538123],[-74.8856259,39.1538277],[-74.8856418,39.1538348],[-74.8856564,39.1538384],[-74.8856736,39.1538363],[-74.8856868,39.1538305],[-74.885698,39.1538305],[-74.8857013,39.1538326],[-74.8857047,39.1538377],[-74.8857054,39.1538459],[-74.8857041,39.1538593],[-74.8857003,39.1538898],[-74.8856896,39.1539181],[-74.8856803,39.1539274],[-74.8856691,39.1539326],[-74.8856559,39.1539363],[-74.8856434,39.1539368],[-74.8856295,39.1539369],[-74.8856156,39.1539384],[-74.8856103,39.1539412],[-74.8856072,39.1539426],[-74.8855983,39.1539458],[-74.8855894,39.1539475],[-74.8855837,39.153951],[-74.8855802,39.1539579],[-74.8855794,39.1539649],[-74.8855803,39.1539705],[-74.885584,39.153981],[-74.8855867,39.1539894],[-74.8855868,39.1539993],[-74.8855862,39.1540021],[-74.8856024,39.1540038],[-74.8856174,39.1540053],[-74.8856374,39.1540099],[-74.8856534,39.1540168],[-74.8856644,39.1540245],[-74.8857004,39.1540547],[-74.8857285,39.1540818],[-74.8857436,39.1541004],[-74.8857476,39.154112],[-74.8857467,39.1541237],[-74.8857378,39.1541353],[-74.8857279,39.1541587],[-74.885722,39.154175],[-74.8857221,39.1541874],[-74.8857292,39.154213],[-74.8857403,39.1542379],[-74.8857585,39.1542696],[-74.8857675,39.154282],[-74.8857686,39.1542937],[-74.8857646,39.1542999],[-74.8857477,39.1543046],[-74.8857287,39.1543047],[-74.8857204,39.1543047],[-74.8857153,39.1543201],[-74.8857182,39.1543392],[-74.8857251,39.1543573],[-74.8857426,39.1543839],[-74.8857617,39.154404],[-74.8857718,39.1544319],[-74.8857679,39.1544506],[-74.885762,39.1544615],[-74.8857511,39.1544654],[-74.8857441,39.1544654],[-74.8857361,39.1544608],[-74.8857291,39.154453],[-74.885722,39.1544445],[-74.885714,39.1544352],[-74.885704,39.1544283],[-74.885698,39.1544275],[-74.885691,39.1544275],[-74.8856871,39.1544353],[-74.8856851,39.1544485],[-74.8856823,39.1544742],[-74.8856805,39.1545161],[-74.8856816,39.1545402],[-74.8856796,39.1546179],[-74.8856798,39.1546629],[-74.885687,39.1547048],[-74.8857012,39.1547475],[-74.8857214,39.1547909],[-74.885746,39.1548211],[-74.8857611,39.1548397],[-74.8857852,39.1548668],[-74.8858172,39.1548892],[-74.8858583,39.1549163],[-74.8858994,39.1549496],[-74.8859494,39.1549766],[-74.8859894,39.1550013],[-74.8860185,39.1550253],[-74.8860275,39.1550359],[-74.8860232,39.1551718],[-74.8859963,39.1551972],[-74.8859861,39.1552015],[-74.8859695,39.1552056],[-74.8859556,39.1552081],[-74.8859376,39.1552115],[-74.8859344,39.1552285],[-74.8859311,39.1552508],[-74.8859323,39.1553136],[-74.8859342,39.1553384],[-74.885936,39.155362],[-74.8859445,39.1553829],[-74.885946,39.1553865],[-74.885962,39.1553869],[-74.8859679,39.1553875],[-74.8859768,39.1553885],[-74.8859943,39.1553906],[-74.8860281,39.155402],[-74.8860464,39.155409],[-74.8860626,39.1554177],[-74.8860697,39.1554253],[-74.8860695,39.155478],[-74.8860628,39.1555199],[-74.8860573,39.1555325],[-74.8860531,39.1555494],[-74.8860504,39.1555724],[-74.8860506,39.1555921],[-74.8860535,39.1556134],[-74.8860637,39.1556393],[-74.8860659,39.1556451],[-74.8860738,39.1556636],[-74.886076,39.1556844],[-74.8860761,39.1557024],[-74.8860705,39.1557161],[-74.8860636,39.1557265],[-74.8860604,39.1557294],[-74.8860552,39.1557342],[-74.8860489,39.1557402],[-74.8860426,39.1557495],[-74.8860392,39.1557605],[-74.8860364,39.1557731],[-74.8860302,39.155784],[-74.8860155,39.1557928],[-74.8860099,39.1557988],[-74.8860072,39.1558081],[-74.8860072,39.1558202],[-74.886008,39.1558344],[-74.8860088,39.1558497],[-74.8860082,39.1558677],[-74.8860061,39.1558776],[-74.8860037,39.1558809],[-74.8859993,39.155905],[-74.8859939,39.1559294],[-74.8859927,39.1559582],[-74.8859929,39.1559867],[-74.8859972,39.1559985],[-74.8860053,39.1560055],[-74.8860093,39.1560132],[-74.8860103,39.1560194],[-74.8860064,39.1560288],[-74.8860034,39.1560358],[-74.8860025,39.1560428],[-74.8860045,39.1560575],[-74.8860146,39.1560676],[-74.8860246,39.1560753],[-74.8860296,39.1560815],[-74.8860336,39.1560885],[-74.8860337,39.1561017],[-74.8860298,39.156118],[-74.8860238,39.1561234],[-74.8860159,39.1561343],[-74.886013,39.1561452],[-74.8860111,39.15616],[-74.8860132,39.1561778],[-74.8860203,39.1561972],[-74.8860358,39.1562166],[-74.8860395,39.1562278],[-74.8860322,39.1562602],[-74.8860279,39.1562679],[-74.8860222,39.1562741],[-74.8860142,39.1562795],[-74.886011,39.1562812],[-74.8860093,39.156285],[-74.8860093,39.1562891],[-74.8860123,39.1562927],[-74.8860223,39.1563012],[-74.8860323,39.1563066],[-74.8860331,39.1563072],[-74.8860263,39.156391],[-74.8860258,39.1563913],[-74.8860149,39.1563968],[-74.8860069,39.1564014],[-74.885996,39.1564108],[-74.8859921,39.1564201],[-74.8859921,39.1564302],[-74.8859972,39.1564512],[-74.8860003,39.1564721],[-74.8860049,39.1564868],[-74.886005,39.1564993],[-74.886002,39.1565086],[-74.8859917,39.1565459],[-74.885979,39.1565824],[-74.8859741,39.1566081],[-74.8859743,39.1566383],[-74.8859735,39.1566733],[-74.8859737,39.1567043],[-74.8859699,39.156737],[-74.885963,39.1567681],[-74.8859532,39.1567984],[-74.8859414,39.1568279],[-74.8859337,39.1568667],[-74.8859276,39.1568997],[-74.8859244,39.1569467],[-74.8859269,39.157001],[-74.8859271,39.1570407],[-74.8859284,39.1570657],[-74.8859397,39.1570993],[-74.8859565,39.1571406],[-74.8859822,39.1571751],[-74.8859868,39.1571846],[-74.8859967,39.1572052],[-74.8860102,39.1572405],[-74.8860238,39.1572957],[-74.8860384,39.1573241],[-74.8860444,39.1573455],[-74.8860474,39.157356],[-74.8860521,39.1574025],[-74.8860601,39.1574491],[-74.8860671,39.1575137],[-74.886083,39.1575887],[-74.8860876,39.1576198],[-74.8861011,39.1576465],[-74.8861134,39.1576749],[-74.8861258,39.1577059],[-74.8861392,39.1577265],[-74.8861515,39.1577498],[-74.8861639,39.1577954],[-74.8861674,39.1578334],[-74.8861688,39.1578713],[-74.8861756,39.1579118],[-74.8861903,39.1579575],[-74.8862093,39.1579997],[-74.8862329,39.1580635],[-74.8862565,39.1581065],[-74.8862699,39.1581306],[-74.8862857,39.1581814],[-74.8863216,39.1582727],[-74.8863339,39.1583003],[-74.8863429,39.1583218],[-74.8863541,39.1583416],[-74.8863709,39.1583752],[-74.8864023,39.1584501],[-74.8864877,39.1586655],[-74.8865237,39.1587594],[-74.8866047,39.1589833],[-74.8866126,39.1590066],[-74.8866272,39.1590445],[-74.8866405,39.1590591],[-74.8866517,39.159072],[-74.886655,39.1590789],[-74.8866551,39.1590901],[-74.8866552,39.1591013],[-74.8866585,39.15911],[-74.8866652,39.159116],[-74.886683,39.1591314],[-74.886692,39.1591547],[-74.8867313,39.1592408],[-74.8867615,39.1592994],[-74.8867661,39.1593114],[-74.8867829,39.1593553],[-74.8868008,39.1594053],[-74.8868188,39.1594406],[-74.8868422,39.1594742],[-74.886869,39.1595172],[-74.8868924,39.1595404],[-74.8869114,39.1595619],[-74.8869226,39.1595878],[-74.8869294,39.1596153],[-74.8869506,39.1596515],[-74.8869618,39.1596635],[-74.8869718,39.1596661],[-74.8869784,39.159666],[-74.8869839,39.1596626],[-74.8869906,39.1596582],[-74.8869972,39.1596582],[-74.8870061,39.1596625],[-74.8870117,39.1596677],[-74.8870201,39.1596879],[-74.8870246,39.1597008],[-74.8870285,39.1597163],[-74.8870314,39.1597306],[-74.8870376,39.1597465],[-74.8870385,39.1597504],[-74.887041,39.1597607],[-74.887041,39.1597741],[-74.8870378,39.1597913],[-74.8870363,39.1598138],[-74.8870387,39.1598461],[-74.8870444,39.1598866],[-74.887049,39.1599112],[-74.8870514,39.1599396],[-74.887056,39.1599694],[-74.8870616,39.1599866],[-74.8870694,39.1600013],[-74.8870773,39.160015],[-74.8870839,39.160021],[-74.8870945,39.1600279],[-74.8871067,39.1600348],[-74.8871134,39.1600404],[-74.8871223,39.1600533],[-74.8871341,39.1600679],[-74.8871658,39.160101],[-74.8871825,39.160119],[-74.8871903,39.1601233],[-74.8871989,39.1601243],[-74.8872014,39.1601246],[-74.8872113,39.160122],[-74.8872235,39.160118],[-74.887239,39.1601132],[-74.8872545,39.1601097],[-74.8872683,39.1601101],[-74.88728,39.1601157],[-74.8872867,39.1601247],[-74.8872906,39.1601338],[-74.8872957,39.1601432],[-74.8873051,39.160151],[-74.8873162,39.1601596],[-74.8873308,39.1601665],[-74.8873692,39.1601954],[-74.8874219,39.1602302],[-74.8875254,39.1602893],[-74.8875666,39.1603167],[-74.8875963,39.1603337],[-74.8876059,39.1603456],[-74.887606,39.1603545],[-74.8876013,39.1603664],[-74.8875784,39.1603858],[-74.8875489,39.1604008],[-74.8875279,39.1604076],[-74.8874811,39.1604115],[-74.8874458,39.1604138],[-74.8874363,39.160419],[-74.8874363,39.1604265],[-74.887445,39.1604316],[-74.8874679,39.1604331],[-74.887488,39.160436],[-74.8875033,39.1604396],[-74.887511,39.1604463],[-74.8875119,39.1604537],[-74.8875091,39.1604597],[-74.8874986,39.1604627],[-74.8874805,39.160465],[-74.8874767,39.1604717],[-74.8874806,39.1604776],[-74.8874949,39.1604798],[-74.8875073,39.1604783],[-74.8875235,39.1604715],[-74.8875369,39.1604678],[-74.8875493,39.1604707],[-74.887557,39.1604826],[-74.8875571,39.1605004],[-74.8875629,39.1605131],[-74.887583,39.1605219],[-74.8876059,39.1605218],[-74.8876193,39.1605173],[-74.8876326,39.1605121],[-74.887645,39.160512],[-74.8876642,39.1605179],[-74.8876968,39.1605364],[-74.8877475,39.1605541],[-74.8878001,39.1605688],[-74.8878671,39.1605849],[-74.8879111,39.160593],[-74.8879416,39.1605981],[-74.8879675,39.1606136],[-74.8879964,39.1606492],[-74.888007,39.1606655],[-74.8880252,39.1606774],[-74.8880529,39.1606862],[-74.8880836,39.1606965],[-74.8881199,39.1607046],[-74.888206,39.1607348],[-74.8882635,39.1607561],[-74.8882989,39.1607709],[-74.8883324,39.1607827],[-74.8891219,39.1609687],[-74.8891333,39.1609743],[-74.8891374,39.1609851],[-74.8891375,39.1609964],[-74.8891407,39.1610059],[-74.8891513,39.1610115],[-74.8891692,39.1610159],[-74.8891854,39.161019],[-74.8892009,39.1610246],[-74.8892098,39.1610347],[-74.8892172,39.1610416],[-74.8892295,39.1610599],[-74.8892425,39.161075],[-74.8892563,39.1610832],[-74.8892734,39.1610875],[-74.8892986,39.1610919],[-74.8893278,39.1611044],[-74.8893555,39.1611296],[-74.8893767,39.1611491],[-74.889389,39.1611648],[-74.8894061,39.1611799],[-74.8894216,39.1611893],[-74.8894484,39.1611955],[-74.889489,39.1612036],[-74.8895288,39.161213],[-74.8895669,39.1612236],[-74.8896011,39.1612323],[-74.889636,39.1612391],[-74.8896823,39.1612516],[-74.8897488,39.1612634],[-74.8897911,39.1612689],[-74.8898194,39.1612707],[-74.8898543,39.16127],[-74.8899264,39.1612577],[-74.8899686,39.1612475],[-74.8900066,39.161236],[-74.8900333,39.1612226],[-74.8900511,39.1612112],[-74.8900754,39.1612061],[-74.8900924,39.161206],[-74.8901087,39.1612104],[-74.8901412,39.1612223],[-74.8901607,39.1612298],[-74.8901786,39.1612487],[-74.8930646,39.1652198],[-74.8928866,39.1652468],[-74.89116,39.166082],[-74.8909282,39.1662841],[-74.8907156,39.1665576],[-74.8904357,39.1669942],[-74.8901891,39.1672867],[-74.8898406,39.1676326],[-74.8895014,39.16788],[-74.8890576,39.1681619],[-74.8888651,39.1683459],[-74.8888349,39.1683748],[-74.8886609,39.1685875],[-74.8886231,39.1688074],[-74.8886146,39.1690271],[-74.8886353,39.1692544],[-74.888739,39.1695192],[-74.8889354,39.1698368],[-74.8891902,39.1701466],[-74.8893766,39.1704112],[-74.8895635,39.1707591],[-74.8897015,39.1710845],[-74.8897424,39.1714253],[-74.8897342,39.1717057],[-74.8896773,39.1719786],[-74.8895327,39.1722519],[-74.8893006,39.1725178],[-74.8890586,39.1727611],[-74.8887676,39.1729515],[-74.8884811,39.1730661],[-74.8880825,39.1731508],[-74.8877125,39.1731444],[-74.8873228,39.1730927],[-74.8870105,39.1729422],[-74.8867173,39.1727159],[-74.8865216,39.1725347],[-74.8864981,39.172514],[-74.8863162,39.1723535],[-74.886062,39.1721649],[-74.885896,39.172067],[-74.8856592,39.172],[-74.8850237,39.1718577],[-74.8848495,39.1718353],[-74.8843905,39.1717764],[-74.8834656,39.1717492],[-74.8834547,39.1717495],[-74.882687,39.1717745],[-74.8816537,39.1718058],[-74.8815678,39.1718084],[-74.8809108,39.1718258],[-74.8804147,39.171888],[-74.8800841,39.1719497],[-74.8796369,39.1720648],[-74.879229,39.1722328],[-74.8787148,39.1725603],[-74.8783564,39.1728797],[-74.8782027,39.1730299],[-74.8778819,39.1733434],[-74.8776051,39.1736246],[-74.8775527,39.1736779],[-74.8773105,39.1738908],[-74.8770923,39.1740507],[-74.876869,39.1741574],[-74.8765676,39.174219],[-74.8765329,39.1742192],[-74.8762268,39.1742201],[-74.8758568,39.1741835],[-74.875496,39.1740785],[-74.8750016,39.1738881],[-74.8747661,39.1737958],[-74.8744235,39.1736793],[-74.8738606,39.1734954],[-74.8735313,39.1733957],[-74.8732356,39.1732948],[-74.8730709,39.1732168],[-74.8729172,39.1731214],[-74.8728438,39.17303],[-74.8727908,39.1728935],[-74.8727415,39.172757],[-74.8726877,39.1724722],[-74.8726021,39.1721831],[-74.8725763,39.1721458],[-74.8724026,39.1718959],[-74.8722224,39.1717278],[-74.8720957,39.1716346],[-74.8719862,39.1715541],[-74.8717088,39.1713863],[-74.8712837,39.171171],[-74.8709131,39.1710355],[-74.8708337,39.1710096],[-74.8706923,39.1709635],[-74.870412,39.1709353],[-74.8702141,39.1709447],[-74.8699902,39.1709919],[-74.8698411,39.171068],[-74.8695508,39.1712608],[-74.8692922,39.1714579],[-74.8690727,39.1716418],[-74.8687083,39.1719629],[-74.8684627,39.1721468],[-74.8681555,39.1723441],[-74.8676639,39.1726364],[-74.867191,39.1729258],[-74.8669285,39.1731026],[-74.8666307,39.1732954],[-74.8664407,39.1734182],[-74.8662769,39.1735117],[-74.8660792,39.1735763],[-74.8654541,39.173699],[-74.8650697,39.1737874],[-74.8647452,39.1738931],[-74.8646067,39.1739794],[-74.8645106,39.1740392],[-74.864334,39.1742041],[-74.8642449,39.1743091],[-74.8641374,39.174478],[-74.8639597,39.1747839],[-74.8638595,39.174918],[-74.8637332,39.1750493],[-74.8634948,39.175178],[-74.8632541,39.1752499],[-74.8629964,39.1752653],[-74.8628208,39.1752484],[-74.8626188,39.1752054],[-74.8624129,39.1751275],[-74.862177,39.1750149],[-74.8618695,39.1748177],[-74.8618228,39.1747877],[-74.8614183,39.1745912],[-74.8610476,39.1744412],[-74.8609993,39.1744286],[-74.8606062,39.1743262],[-74.8603164,39.1742733],[-74.8600473,39.1742509],[-74.8597297,39.1742431],[-74.8594832,39.1742468],[-74.859162,39.1742769],[-74.8586487,39.1743468],[-74.8581597,39.1744268],[-74.857723,39.1744979],[-74.8572787,39.1745574],[-74.8567543,39.1746506],[-74.856553,39.1747414],[-74.8564264,39.1748378],[-74.8563708,39.1749222],[-74.8563303,39.1750271],[-74.8563196,39.1751318],[-74.8563239,39.1752452],[-74.8563547,39.1754283],[-74.8565452,39.1757839],[-74.8566507,39.1759552],[-74.8567898,39.176135],[-74.856914,39.176312],[-74.8569858,39.1764746],[-74.8570392,39.1766926],[-74.8570401,39.1768845],[-74.8569576,39.1771799],[-74.8568651,39.1773634],[-74.8567687,39.1775004],[-74.8566422,39.1776142],[-74.856497,39.1777018],[-74.8563927,39.1777603],[-74.8562003,39.1777827],[-74.8558641,39.177775],[-74.8556172,39.1777234],[-74.8555244,39.1776849],[-74.8553738,39.1776224],[-74.8551865,39.1775212],[-74.8550366,39.1774257],[-74.8548379,39.1772896],[-74.8544725,39.1770654],[-74.8542591,39.1769759],[-74.8540197,39.1769155],[-74.8537543,39.1768756],[-74.8535524,39.1768559],[-74.8532983,39.176845],[-74.8532437,39.1768489],[-74.8530854,39.1768602],[-74.8530267,39.1768767],[-74.8529175,39.1769072],[-74.8527918,39.1769522],[-74.8527329,39.1769732],[-74.85261,39.1770492],[-74.852491,39.1771601],[-74.8524131,39.1772708],[-74.8523353,39.1773873],[-74.8522877,39.1775852],[-74.8522365,39.1778093],[-74.852185,39.1779694],[-74.8521223,39.1781412],[-74.8520021,39.1783843],[-74.8518757,39.1785185],[-74.8516821,39.1786557],[-74.851466,39.178764],[-74.8512125,39.1788694],[-74.8507365,39.1789596],[-74.8502958,39.1789929],[-74.849911,39.1790075],[-74.8498812,39.1790086],[-74.8495449,39.1789893],[-74.8492513,39.1789393],[-74.8487912,39.1788273],[-74.8484171,39.1787266],[-74.8480394,39.1786667],[-74.8476938,39.1786517],[-74.8473353,39.1786848],[-74.846911,39.1787619],[-74.8468799,39.1787675],[-74.8465256,39.1788936],[-74.8462702,39.1790151],[-74.8459495,39.1791265],[-74.8457889,39.1791503],[-74.8455946,39.179145],[-74.8453964,39.1790991],[-74.8452765,39.1790326],[-74.8451639,39.1789282],[-74.8451217,39.1788603],[-74.8450773,39.1787889],[-74.8450318,39.1786553],[-74.8450199,39.1785128],[-74.8450507,39.1783106],[-74.8450799,39.178171],[-74.8451684,39.1779468],[-74.845283,39.1776876],[-74.8453655,39.1776013],[-74.8453833,39.1775827],[-74.8455193,39.1774877],[-74.8456534,39.1774059],[-74.845739,39.1773417],[-74.8458095,39.1772484],[-74.8458388,39.1771204],[-74.8458383,39.1770332],[-74.8458154,39.1769256],[-74.8457738,39.1768269],[-74.8457211,39.1767427],[-74.8455758,39.1766423],[-74.8455074,39.1765951],[-74.8451686,39.1764405],[-74.8449401,39.1763394],[-74.8446369,39.1762094],[-74.844472,39.1761081],[-74.8441927,39.1759098],[-74.8439115,39.175707],[-74.8436455,39.175545],[-74.8432336,39.1753514],[-74.8430688,39.1752704],[-74.8428682,39.1751212],[-74.8427295,39.1750112],[-74.8425643,39.1748546],[-74.8424291,39.1747184],[-74.8422866,39.1746024],[-74.8421668,39.1745388],[-74.8420022,39.1744928],[-74.8418489,39.1744758],[-74.8416827,39.1744777],[-74.8415371,39.1744956],[-74.8413766,39.1745281],[-74.8411824,39.174549],[-74.8410217,39.1745436],[-74.8409021,39.1745294],[-74.8407338,39.1744921],[-74.8406028,39.1744315],[-74.8404978,39.1743561],[-74.8404153,39.1742866],[-74.8403701,39.1742111],[-74.8403604,39.1741457],[-74.8403894,39.1739654],[-74.8404338,39.1738663],[-74.8404969,39.1737877],[-74.8405974,39.1737059],[-74.8407241,39.1736329],[-74.8409888,39.1735361],[-74.841179,39.1734541],[-74.8412944,39.1733811],[-74.8413799,39.1732995],[-74.8414318,39.1732004],[-74.8414685,39.1730578],[-74.8414656,39.1728587],[-74.8414461,39.1726813],[-74.8414152,39.1724691],[-74.8413954,39.1722366],[-74.8414058,39.1720708],[-74.8414365,39.1718511],[-74.841447,39.1717173],[-74.8414425,39.1715458],[-74.8414234,39.1714615],[-74.8413905,39.1711454],[-74.8410949,39.171224],[-74.840888,39.1712274],[-74.8406682,39.1712027],[-74.8405808,39.1711779],[-74.840481,39.1711495],[-74.8404099,39.171096],[-74.8403605,39.1710269],[-74.840333,39.1709719],[-74.8403109,39.1709027],[-74.840307,39.1708533],[-74.8403067,39.1707897],[-74.8403119,39.1707218],[-74.8403262,39.1706723],[-74.8403368,39.1706285],[-74.8403481,39.1705882],[-74.8403095,39.1705633],[-74.8402044,39.1704444],[-74.8401694,39.1703932],[-74.8400915,39.170279],[-74.8400349,39.1701701],[-74.8399321,39.1699632],[-74.8399057,39.1698993],[-74.8398658,39.1697758],[-74.8398318,39.1696945],[-74.8397866,39.1696147],[-74.8396805,39.1694936],[-74.8396243,39.1694501],[-74.8395438,39.1694155],[-74.8393755,39.1693694],[-74.8392576,39.1693262],[-74.8391397,39.1692756],[-74.8390348,39.1692177],[-74.8389383,39.1691548],[-74.8387885,39.1690767],[-74.8387091,39.1690394],[-74.8386593,39.169016],[-74.8385733,39.168993],[-74.8384761,39.1689831],[-74.8383529,39.1689893],[-74.8382017,39.169013],[-74.8380664,39.1690359],[-74.8379833,39.1690418],[-74.8379376,39.169045],[-74.8378423,39.1690467],[-74.8377058,39.1690239],[-74.8375954,39.168982],[-74.8375504,39.1689429],[-74.8374885,39.1688878],[-74.8374491,39.1688342],[-74.8374245,39.1687804],[-74.8373873,39.1686082],[-74.8373586,39.1684629],[-74.8373224,39.1683322],[-74.8372657,39.1681928],[-74.8372101,39.1680759],[-74.8371461,39.1679714],[-74.8370445,39.1678248],[-74.8369931,39.1677628],[-74.8369713,39.1677363],[-74.8368061,39.1675653],[-74.836655,39.1674094],[-74.8365196,39.1672338],[-74.8364105,39.1670655],[-74.8363286,39.1669313],[-74.8362569,39.1667759],[-74.8361831,39.1665784],[-74.836116,39.1664164],[-74.8360688,39.1662915],[-74.8360637,39.166281],[-74.8360046,39.166158],[-74.8359884,39.1661333],[-74.8359313,39.1660462],[-74.8358129,39.1658953],[-74.8357739,39.1658478],[-74.8357124,39.1657728],[-74.8356843,39.1657231],[-74.8356295,39.1656262],[-74.8355748,39.1655144],[-74.8355425,39.1653981],[-74.835513,39.1652725],[-74.8354785,39.1651083],[-74.8354368,39.164979],[-74.8353878,39.1648861],[-74.8352929,39.1647577],[-74.8352136,39.1646674],[-74.8351183,39.164559],[-74.8349212,39.1643574],[-74.83474,39.1641566],[-74.8346441,39.1640611],[-74.8346424,39.1640594],[-74.8345542,39.163971],[-74.8345139,39.1639422],[-74.8344793,39.1639174],[-74.8343426,39.1638509],[-74.8341163,39.1637441],[-74.8341114,39.1637418],[-74.8338606,39.163619],[-74.8335311,39.1634425],[-74.8333315,39.1633144],[-74.8332378,39.1632434],[-74.8330727,39.1630854],[-74.8328805,39.1628895],[-74.8328225,39.1628303],[-74.8327321,39.1627382],[-74.8325519,39.162538],[-74.8323379,39.1623089],[-74.8322682,39.1622262],[-74.8321529,39.1620892],[-74.8320477,39.1619572],[-74.831946,39.1617844],[-74.831897,39.1616974],[-74.8318553,39.1616189],[-74.8318499,39.1616088],[-74.8318094,39.1615224],[-74.8317735,39.1614324],[-74.8317151,39.1613351],[-74.8316493,39.1612437],[-74.8315282,39.1611139],[-74.8313839,39.1609951],[-74.8311384,39.1608155],[-74.8309792,39.1607171],[-74.8307163,39.1605374],[-74.8306165,39.1604465],[-74.8305176,39.1603432],[-74.8303962,39.1601999],[-74.8302489,39.1600014],[-74.8300951,39.1597449],[-74.8299118,39.1594442],[-74.8297868,39.1592691],[-74.8297013,39.1592086],[-74.8294285,39.1590947],[-74.8292295,39.1590373],[-74.8289843,39.1589813],[-74.8287242,39.1589475],[-74.8283601,39.1588809],[-74.8279232,39.1587992],[-74.8277989,39.1587664],[-74.8276576,39.1587226],[-74.8275137,39.1586677],[-74.8274247,39.1586238],[-74.8273233,39.1585591],[-74.8272485,39.1584986],[-74.8271683,39.1584242],[-74.8270845,39.1583277],[-74.8269409,39.1581596],[-74.826816,39.1580273],[-74.8266735,39.1578923],[-74.826531,39.157785],[-74.8264465,39.1577313],[-74.8263522,39.1576874],[-74.8262243,39.1576449],[-74.8259774,39.1575862],[-74.8257056,39.1575331],[-74.8255156,39.1574811],[-74.8254187,39.1574496],[-74.8251947,39.1573536],[-74.824999,39.1572312],[-74.824901,39.1571416],[-74.8247564,39.1569694],[-74.8246609,39.1568446],[-74.8246377,39.1568129],[-74.8246089,39.1567506],[-74.8245893,39.156708],[-74.8245336,39.1565383],[-74.8244777,39.1563506],[-74.8244402,39.1562063],[-74.824438,39.1561987],[-74.8243978,39.1561546],[-74.8243363,39.1560857],[-74.8242647,39.1560334],[-74.8241508,39.1559778],[-74.8240104,39.1559257],[-74.8238666,39.1558971],[-74.8238604,39.1558951],[-74.8238346,39.1558903],[-74.8237885,39.1558876],[-74.8236842,39.15589],[-74.8235707,39.1558993],[-74.8234501,39.1559093],[-74.8233162,39.1559235],[-74.8232227,39.1559355],[-74.8231828,39.1559425],[-74.8230658,39.155967],[-74.8229585,39.1559867],[-74.8228417,39.1560053],[-74.8227229,39.1560111],[-74.8225743,39.1560184],[-74.82242,39.1560175],[-74.8222176,39.1560015],[-74.8218927,39.1559514],[-74.8218155,39.1559268],[-74.8215938,39.1558687],[-74.8214829,39.155822],[-74.8214257,39.1557764],[-74.8213949,39.1557324],[-74.8212718,39.1556648],[-74.8211562,39.1556087],[-74.8210287,39.1555676],[-74.8209413,39.1555494],[-74.8208281,39.1555301],[-74.8206252,39.1554996],[-74.820495,39.1554804],[-74.820412,39.1554691],[-74.8203996,39.1554679],[-74.8203528,39.1554634],[-74.820307,39.1554647],[-74.820243,39.1554747],[-74.8202216,39.155484],[-74.8201936,39.1555054],[-74.8201568,39.1555475],[-74.8201101,39.1556162],[-74.8200705,39.1556796],[-74.8200389,39.1557252],[-74.8200205,39.1557437],[-74.8199976,39.1557599],[-74.8199711,39.1557721],[-74.819943,39.1557837],[-74.8199186,39.1557872],[-74.819872,39.1557862],[-74.8198324,39.1557811],[-74.8197894,39.1557685],[-74.8197353,39.1557497],[-74.8196931,39.1557331],[-74.8196475,39.1557211],[-74.8196039,39.1557201],[-74.8195632,39.155726],[-74.8195123,39.1557457],[-74.8194717,39.1557694],[-74.8194061,39.1558203],[-74.8193847,39.1558324],[-74.819378,39.1558347],[-74.819336,39.1558567],[-74.8193146,39.1558678],[-74.8192732,39.1558799],[-74.8192303,39.1558853],[-74.8192052,39.1558865],[-74.8191204,39.1558735],[-74.8190138,39.1558513],[-74.818933,39.1558245],[-74.8188811,39.1557993],[-74.8188207,39.155766],[-74.8187347,39.1557305],[-74.8186999,39.1557226],[-74.81866,39.1557221],[-74.8186134,39.1557274],[-74.8185639,39.1557414],[-74.8184956,39.1557709],[-74.8184832,39.1557769],[-74.8184572,39.1557895],[-74.8184351,39.1558114],[-74.8184079,39.1558495],[-74.8183631,39.1559216],[-74.8183172,39.155988],[-74.8182738,39.1560428],[-74.8182259,39.1560939],[-74.8182018,39.1561448],[-74.8181852,39.1561783],[-74.818176,39.1562118],[-74.8181669,39.1562715],[-74.8181559,39.1563122],[-74.8181355,39.1563574],[-74.818117,39.1564025],[-74.8180986,39.1564477],[-74.8180913,39.156487],[-74.8180915,39.1565291],[-74.8180935,39.1565641],[-74.8181105,39.1566047],[-74.8181331,39.1566425],[-74.8181482,39.1566759],[-74.8181483,39.1566963],[-74.8181335,39.1567312],[-74.8181093,39.1567531],[-74.8180571,39.1567751],[-74.8180104,39.1567883],[-74.8179506,39.1567855],[-74.8179095,39.1567827],[-74.8178702,39.1567654],[-74.8178364,39.156735],[-74.8177989,39.1566972],[-74.8177107,39.1566248],[-74.8176788,39.1565885],[-74.8176412,39.1565391],[-74.8176168,39.1564926],[-74.8176015,39.1564185],[-74.8176122,39.156305],[-74.817615,39.1560941],[-74.8175995,39.1559807],[-74.8175586,39.1559076],[-74.817333,39.155798],[-74.8169753,39.1556396],[-74.8166861,39.1554974],[-74.8164597,39.1553428],[-74.8160333,39.1550456],[-74.8158761,39.1549382],[-74.8157715,39.1549497],[-74.8155888,39.1549901],[-74.8154645,39.1550303],[-74.8153257,39.1550791],[-74.8150993,39.155168],[-74.8149532,39.1552397],[-74.8148291,39.155297],[-74.8147305,39.1553571],[-74.8145077,39.1554374],[-74.8143614,39.1554663],[-74.8143267,39.1554693],[-74.8142736,39.1554594],[-74.8140227,39.155406],[-74.8138369,39.1553666],[-74.8136374,39.1553501],[-74.8134361,39.1553421],[-74.8133208,39.1553409],[-74.813233,39.1553511],[-74.8129478,39.1553861],[-74.8125016,39.1554264],[-74.8121806,39.1554619],[-74.8118235,39.1554628],[-74.8115266,39.1554384],[-74.8113085,39.1553848],[-74.8108909,39.1552434],[-74.810638,39.155125],[-74.8102892,39.1549562],[-74.8098587,39.1547135],[-74.8098244,39.1546982],[-74.8097904,39.1546958],[-74.8097467,39.1547047],[-74.8096772,39.1547478],[-74.809598,39.1547897],[-74.8095188,39.1548378],[-74.8094169,39.1548759],[-74.8093701,39.1548975],[-74.8093281,39.1549266],[-74.8093022,39.1549468],[-74.8092796,39.1549608],[-74.8092505,39.1549684],[-74.8092165,39.1549672],[-74.8091613,39.1549447],[-74.8090817,39.1548995],[-74.8090111,39.1548675],[-74.8089398,39.1548564],[-74.8088733,39.154849],[-74.808823,39.1548302],[-74.8087937,39.1548038],[-74.8087774,39.1547723],[-74.8087757,39.1547471],[-74.808782,39.1547193],[-74.8087835,39.154684],[-74.8087622,39.1546386],[-74.8087313,39.154592],[-74.8086905,39.1545442],[-74.8086206,39.1544851],[-74.8085571,39.1544197],[-74.8085262,39.154387],[-74.8085172,39.1543586],[-74.8085008,39.1543107],[-74.8084843,39.1542502],[-74.808468,39.1542124],[-74.8084321,39.1541722],[-74.8083656,39.1541333],[-74.8082779,39.1541032],[-74.8081806,39.1540732],[-74.8080898,39.154052],[-74.8080152,39.1540332],[-74.8079373,39.1540032],[-74.807891,39.153985],[-74.8078278,39.1539751],[-74.8077532,39.1539627],[-74.8076964,39.1539439],[-74.8076575,39.1539163],[-74.8075989,39.1538609],[-74.8075224,39.1537829],[-74.8074785,39.1537465],[-74.8074412,39.1537264],[-74.8073892,39.153695],[-74.8073324,39.1536813],[-74.807253,39.1536726],[-74.8071518,39.1536723],[-74.8070692,39.1536826],[-74.8069397,39.1537069],[-74.8068425,39.1537147],[-74.8067647,39.1537048],[-74.8066788,39.1536899],[-74.8066042,39.1536649],[-74.8064864,39.1535889],[-74.8063238,39.1534632],[-74.8062731,39.1534152],[-74.80621,39.1533613],[-74.8061706,39.1533374],[-74.806093,39.1532896],[-74.8060144,39.1532422],[-74.8054889,39.1529457],[-74.8050245,39.1526871],[-74.804732,39.1524936],[-74.8044171,39.152333],[-74.8040456,39.1522091],[-74.803669,39.1520385],[-74.8033899,39.1519207],[-74.8031952,39.1518531],[-74.8027623,39.1517773],[-74.8026196,39.1517398],[-74.8025514,39.1517046],[-74.8025188,39.1516568],[-74.8024798,39.1516317],[-74.8024376,39.1516166],[-74.8023826,39.1516168],[-74.8023275,39.1516195],[-74.8022789,39.1516246],[-74.8022206,39.1516197],[-74.8021524,39.1515972],[-74.802081,39.1515671],[-74.8018895,39.1514894],[-74.8014012,39.1513204],[-74.8009567,39.1511651],[-74.800415,39.1510303],[-74.8001298,39.1510109],[-74.7999119,39.1510414],[-74.7741946,39.1447304]]],[[[-74.8458076,39.0813091],[-74.8652995,39.0307132],[-74.888786,39.014579],[-74.9215976,39.0339058],[-74.9216038,39.033903],[-74.92163,39.0338847],[-74.9216946,39.0338146],[-74.921765,39.0338359],[-74.9219079,39.0339038],[-74.9220547,39.0340058],[-74.9222309,39.0341391],[-74.9223814,39.0342583],[-74.9224767,39.0343235],[-74.9226839,39.034451],[-74.9228801,39.03456],[-74.9229773,39.034618],[-74.9230598,39.0346776],[-74.9231094,39.034723],[-74.9231692,39.0347997],[-74.9232172,39.034875],[-74.9232743,39.0349617],[-74.9233203,39.0350172],[-74.9234103,39.0350995],[-74.9235371,39.0352173],[-74.9236436,39.0353024],[-74.9237593,39.0354174],[-74.9238131,39.0354814],[-74.9238789,39.0355789],[-74.9239801,39.0357311],[-74.924081,39.0358285],[-74.9241505,39.0358713],[-74.9243867,39.0359347],[-74.9246687,39.0359944],[-74.9247434,39.0360114],[-74.9247774,39.0360255],[-74.9248107,39.0360404],[-74.9248434,39.0360561],[-74.9248754,39.0360725],[-74.9249067,39.0360897],[-74.9249373,39.0361076],[-74.9249672,39.0361262],[-74.9249964,39.0361456],[-74.9250172,39.0361602],[-74.9250379,39.0361755],[-74.9250584,39.0361913],[-74.9250787,39.0362078],[-74.9250988,39.0362248],[-74.9251186,39.0362424],[-74.925138,39.0362604],[-74.9251571,39.0362787],[-74.925169,39.0362911],[-74.9251804,39.0363042],[-74.9251912,39.0363181],[-74.9252014,39.0363326],[-74.9252112,39.0363479],[-74.9252205,39.0363641],[-74.9252294,39.0363813],[-74.925238,39.0363994],[-74.9252512,39.0364312],[-74.9252642,39.0364674],[-74.9252756,39.0365026],[-74.9253017,39.0365879],[-74.9253162,39.0366308],[-74.9253241,39.0366517],[-74.9253321,39.0366711],[-74.9253403,39.0366893],[-74.9253488,39.0367063],[-74.9253583,39.0367236],[-74.9253683,39.0367398],[-74.9253789,39.0367551],[-74.9253899,39.0367696],[-74.9254016,39.0367833],[-74.925414,39.0367963],[-74.925427,39.0368084],[-74.9254406,39.0368199],[-74.925483,39.0368554],[-74.9254936,39.0368637],[-74.9255033,39.0368707],[-74.9255143,39.0368778],[-74.9255249,39.0368837],[-74.9255353,39.0368884],[-74.9255457,39.0368921],[-74.9255638,39.0368971],[-74.9255828,39.0369011],[-74.9256015,39.0369039],[-74.9256192,39.0369054],[-74.9256352,39.0369056],[-74.9256495,39.0369045],[-74.9256619,39.0369021],[-74.9256674,39.0369004],[-74.9256724,39.0368985],[-74.9256792,39.0368947],[-74.9256856,39.0368899],[-74.9256918,39.0368837],[-74.9256979,39.0368763],[-74.925703,39.036869],[-74.9257082,39.0368603],[-74.9257294,39.0368218],[-74.9257435,39.0367971],[-74.9257561,39.036772],[-74.9257672,39.0367467],[-74.9257765,39.0367214],[-74.925784,39.0366964],[-74.9257897,39.0366717],[-74.9257935,39.0366476],[-74.9257955,39.0366241],[-74.9257955,39.0366125],[-74.9257946,39.0366006],[-74.9257928,39.036588],[-74.92579,39.0365746],[-74.9257823,39.0365474],[-74.9257637,39.0364935],[-74.9257566,39.0364708],[-74.925751,39.036447],[-74.9257492,39.0364361],[-74.9257481,39.0364256],[-74.925746,39.036391],[-74.9257456,39.0363633],[-74.9257467,39.0363383],[-74.9257495,39.0363155],[-74.9257547,39.0362894],[-74.9257612,39.0362652],[-74.9257691,39.0362428],[-74.9257782,39.0362221],[-74.925789,39.0362018],[-74.9258001,39.0361831],[-74.9258118,39.0361659],[-74.9258239,39.0361502],[-74.9258367,39.0361359],[-74.9258499,39.0361231],[-74.9258637,39.0361117],[-74.9258781,39.0361017],[-74.9258922,39.0360933],[-74.9259071,39.0360855],[-74.9259228,39.0360783],[-74.9259393,39.0360718],[-74.9260544,39.036059],[-74.9261986,39.0360513],[-74.9262674,39.0360511],[-74.9263453,39.0360597],[-74.9264049,39.036072],[-74.9264692,39.0361057],[-74.9265796,39.0361821],[-74.926706,39.0362727],[-74.9268464,39.03639],[-74.9269522,39.0364736],[-74.9270064,39.0365198],[-74.9270697,39.0365808],[-74.9270905,39.0366043],[-74.9271102,39.036628],[-74.9271288,39.0366519],[-74.9271463,39.036676],[-74.9271628,39.0367003],[-74.9271781,39.0367247],[-74.9271924,39.0367494],[-74.9272056,39.0367743],[-74.9272177,39.0367993],[-74.9272287,39.0368246],[-74.9272386,39.03685],[-74.9272475,39.0368757],[-74.9272552,39.0369015],[-74.9272619,39.0369276],[-74.9272675,39.0369538],[-74.9272719,39.0369802],[-74.927279,39.0370129],[-74.9272808,39.0370245],[-74.9272811,39.0370308],[-74.9272808,39.0370365],[-74.9272799,39.0370416],[-74.9272784,39.0370463],[-74.9272745,39.0370531],[-74.9272687,39.0370596],[-74.9272608,39.0370659],[-74.9272508,39.0370722],[-74.9272411,39.0370772],[-74.9272294,39.0370824],[-74.9271865,39.0370995],[-74.9271712,39.0371061],[-74.9271493,39.0371157],[-74.9271264,39.0371241],[-74.9271025,39.0371313],[-74.9270775,39.0371374],[-74.9270514,39.0371424],[-74.9270239,39.0371463],[-74.9269951,39.0371491],[-74.9269648,39.0371509],[-74.9269378,39.0371516],[-74.9269093,39.0371516],[-74.9268791,39.0371508],[-74.9268465,39.0371493],[-74.9267832,39.0371449],[-74.9266635,39.0371346],[-74.9266152,39.0371308],[-74.9265659,39.0371278],[-74.9265219,39.0371263],[-74.9264969,39.0371261],[-74.926473,39.0371264],[-74.9264501,39.0371273],[-74.926428,39.0371286],[-74.9264066,39.0371305],[-74.926386,39.0371329],[-74.926366,39.0371359],[-74.9263466,39.0371394],[-74.9262731,39.0371548],[-74.9262395,39.0371626],[-74.9262074,39.0371704],[-74.9261766,39.0371784],[-74.9261471,39.0371867],[-74.9261188,39.0371951],[-74.9260916,39.0372038],[-74.9260711,39.0372111],[-74.9260501,39.0372196],[-74.9260284,39.0372294],[-74.9260055,39.0372405],[-74.9259858,39.0372508],[-74.9259641,39.0372627],[-74.9258673,39.0373176],[-74.9258416,39.0373313],[-74.925818,39.0373429],[-74.9257932,39.037354],[-74.9257694,39.0373634],[-74.9257462,39.0373712],[-74.9257235,39.0373776],[-74.925706,39.0373813],[-74.925687,39.0373841],[-74.9256664,39.0373859],[-74.9256437,39.0373869],[-74.9256231,39.037387],[-74.9255998,39.0373866],[-74.9255207,39.0373834],[-74.9254913,39.0373826],[-74.9254624,39.0373828],[-74.9254374,39.0373841],[-74.9254238,39.0373855],[-74.925411,39.0373873],[-74.9253991,39.0373895],[-74.9253879,39.0373923],[-74.9253773,39.0373955],[-74.9253674,39.0373992],[-74.9253582,39.0374035],[-74.9253496,39.0374082],[-74.9253392,39.0374147],[-74.925329,39.037422],[-74.9253188,39.0374299],[-74.9253088,39.0374385],[-74.9252989,39.0374476],[-74.9252892,39.0374574],[-74.9252799,39.0374676],[-74.9252708,39.0374783],[-74.9252622,39.0374895],[-74.9252539,39.037501],[-74.9252462,39.0375127],[-74.925239,39.0375246],[-74.9252324,39.0375365],[-74.9252264,39.0375485],[-74.9252211,39.0375604],[-74.9252166,39.0375721],[-74.9252115,39.0375874],[-74.9252073,39.0376024],[-74.9252039,39.037617],[-74.9252015,39.0376311],[-74.9252001,39.0376447],[-74.9251995,39.0376577],[-74.9251999,39.0376702],[-74.9252012,39.0376821],[-74.9252035,39.037694],[-74.9252069,39.0377062],[-74.9252114,39.0377188],[-74.925217,39.0377318],[-74.9252236,39.0377451],[-74.9252313,39.0377587],[-74.9252401,39.0377727],[-74.9252499,39.037787],[-74.9252618,39.037802],[-74.9252767,39.0378179],[-74.9252916,39.0378321],[-74.925333,39.0378701],[-74.925372,39.0379067],[-74.9254119,39.0379428],[-74.9254526,39.0379783],[-74.9254942,39.0380132],[-74.9255366,39.0380475],[-74.9255799,39.0380812],[-74.9256241,39.0381144],[-74.9256692,39.038147],[-74.9256854,39.0381621],[-74.9257098,39.0381947],[-74.9257488,39.0382399],[-74.9258139,39.0383102],[-74.9258983,39.0383855],[-74.9259763,39.0384645],[-74.9260381,39.0385298],[-74.9260673,39.0385587],[-74.9261014,39.0385875],[-74.9261338,39.0386063],[-74.9261629,39.0386137],[-74.9261969,39.0386174],[-74.9262205,39.0386119],[-74.9262691,39.0385807],[-74.9263069,39.038558],[-74.9263429,39.0385311],[-74.9263609,39.0385184],[-74.9263825,39.0384999],[-74.9264131,39.0384871],[-74.9264637,39.0384672],[-74.9265087,39.0384473],[-74.9265457,39.038426],[-74.9266213,39.0383708],[-74.9266465,39.0383608],[-74.9267007,39.0383564],[-74.9267496,39.0383604],[-74.9267803,39.0383645],[-74.9268383,39.0383784],[-74.9268944,39.0383881],[-74.926965,39.0384062],[-74.9270157,39.0384173],[-74.9270645,39.0384199],[-74.9271079,39.0384141],[-74.9271657,39.0384068],[-74.9272072,39.0383968],[-74.9272405,39.0383826],[-74.9272892,39.0383613],[-74.927345,39.0383202],[-74.9274008,39.0382678],[-74.9274204,39.0382297],[-74.9274274,39.0381831],[-74.9274287,39.0381056],[-74.9274212,39.0380534],[-74.9274009,39.0379971],[-74.9273754,39.0379605],[-74.9273336,39.0379141],[-74.9272826,39.0378664],[-74.927248,39.037827],[-74.9272425,39.0378031],[-74.927246,39.0377862],[-74.9272568,39.0377734],[-74.9272766,39.0377607],[-74.9273,39.0377507],[-74.9273596,39.0377293],[-74.9274237,39.0377178],[-74.9275014,39.0377091],[-74.9275609,39.037699],[-74.9276133,39.0376833],[-74.9276746,39.0376535],[-74.9277323,39.0376307],[-74.9278008,39.0375952],[-74.9278314,39.0375768],[-74.9278692,39.0375442],[-74.9279087,39.0375017],[-74.9279607,39.0374325],[-74.9280306,39.0373321],[-74.9281077,39.0372247],[-74.9282293,39.0370645],[-74.9283069,39.037083],[-74.9284675,39.0371306],[-74.9285294,39.0371482],[-74.9285982,39.0371497],[-74.9286416,39.0371424],[-74.9286736,39.0371263],[-74.9286963,39.0371012],[-74.928735,39.0370653],[-74.9287931,39.0370044],[-74.9288727,39.0369237],[-74.9289365,39.0368628],[-74.9290095,39.0368196],[-74.929046,39.0368016],[-74.9290826,39.0367961],[-74.9291568,39.036802],[-74.9291697,39.036803],[-74.9292339,39.0368152],[-74.9292469,39.0368198],[-74.929305,39.03684],[-74.9293878,39.036895],[-74.9294293,39.0369413],[-74.9294662,39.0369912],[-74.9294848,39.0370376],[-74.9294966,39.0370875],[-74.9295108,39.0371714],[-74.9295205,39.0372607],[-74.9295163,39.037316],[-74.9295075,39.0373803],[-74.9294941,39.0374393],[-74.9294911,39.037509],[-74.9295051,39.0375607],[-74.9295329,39.0376017],[-74.9295628,39.0376284],[-74.92961,39.0376517],[-74.9296202,39.0376567],[-74.9296799,39.037678],[-74.9297349,39.0376938],[-74.9298174,39.037706],[-74.9299206,39.0377235],[-74.9300512,39.0377409],[-74.9301589,39.0377566],[-74.9302392,39.037767],[-74.9303171,39.0377827],[-74.9304412,39.0378484],[-74.9306327,39.037903],[-74.9307519,39.0379294],[-74.9308086,39.0379394],[-74.9308803,39.0379521],[-74.9309697,39.0379607],[-74.9310819,39.0379621],[-74.9311838,39.0379581],[-74.9312936,39.0379417],[-74.9314012,39.0379341],[-74.9314813,39.0379428],[-74.9315226,39.0379515],[-74.9316075,39.0379762],[-74.9316878,39.0380009],[-74.9318186,39.0380486],[-74.9319127,39.0380858],[-74.9320482,39.0381424],[-74.9322605,39.0382327],[-74.9323891,39.0382805],[-74.9325405,39.0383335],[-74.9326851,39.0383865],[-74.932746,39.0384062],[-74.9328077,39.0384243],[-74.9328702,39.0384409],[-74.9329332,39.0384559],[-74.9329969,39.0384694],[-74.933061,39.0384813],[-74.9331256,39.0384917],[-74.9331906,39.0385004],[-74.9332559,39.0385075],[-74.9333215,39.0385131],[-74.9333873,39.038517],[-74.9334532,39.0385193],[-74.9335192,39.03852],[-74.9335851,39.0385191],[-74.933651,39.0385165],[-74.9337167,39.0385124],[-74.9337823,39.0385066],[-74.9338476,39.0384992],[-74.9339125,39.0384902],[-74.9339354,39.0384875],[-74.9339585,39.0384864],[-74.9339816,39.0384869],[-74.9340046,39.038489],[-74.9340272,39.0384927],[-74.9340493,39.0384979],[-74.9340707,39.0385047],[-74.9340913,39.0385129],[-74.9341108,39.0385226],[-74.9341291,39.0385335],[-74.9341461,39.0385457],[-74.9341616,39.0385591],[-74.9341723,39.0385702],[-74.9341815,39.0385821],[-74.9341892,39.0385946],[-74.9341952,39.0386076],[-74.9341995,39.0386211],[-74.934202,39.0386348],[-74.9342028,39.0386487],[-74.9342018,39.0386625],[-74.934199,39.0386762],[-74.9339992,39.0391953],[-74.933993,39.0392095],[-74.9339887,39.0392241],[-74.9339863,39.039239],[-74.9339859,39.039254],[-74.9339874,39.039269],[-74.9339909,39.0392838],[-74.9339962,39.0392982],[-74.9340034,39.0393121],[-74.9340124,39.0393254],[-74.9340231,39.0393379],[-74.9340353,39.0393495],[-74.934049,39.0393601],[-74.9340639,39.0393696],[-74.9340801,39.0393779],[-74.9340972,39.0393848],[-74.9342594,39.0394457],[-74.9342813,39.0394502],[-74.9343035,39.0394531],[-74.934326,39.0394545],[-74.9343486,39.0394542],[-74.934371,39.0394524],[-74.9343932,39.039449],[-74.9344148,39.0394441],[-74.9344358,39.0394377],[-74.934456,39.0394298],[-74.9344751,39.0394206],[-74.9344932,39.03941],[-74.9345099,39.0393982],[-74.9348149,39.0391581],[-74.9348331,39.0391441],[-74.9348528,39.0391312],[-74.9348737,39.0391196],[-74.9348957,39.0391093],[-74.9349188,39.0391004],[-74.9349426,39.039093],[-74.9349672,39.0390871],[-74.9349923,39.0390828],[-74.9350178,39.03908],[-74.9350434,39.0390788],[-74.9350691,39.0390792],[-74.9350947,39.0390813],[-74.93512,39.0390849],[-74.9351448,39.03909],[-74.935169,39.0390967],[-74.9351925,39.0391049],[-74.935215,39.0391145],[-74.9352365,39.0391255],[-74.9356937,39.0393725],[-74.9356877,39.0393975],[-74.9356699,39.0394078],[-74.9356465,39.03942],[-74.9356439,39.0394261],[-74.9356284,39.0394404],[-74.9356285,39.0394506],[-74.9356207,39.0394628],[-74.9356208,39.039477],[-74.9356235,39.0394892],[-74.9356262,39.0395054],[-74.9356316,39.0395298],[-74.9356291,39.0395501],[-74.9356213,39.0395623],[-74.9356032,39.0395725],[-74.9355694,39.0395808],[-74.9355043,39.0395871],[-74.9354861,39.0395912],[-74.9354419,39.0396056],[-74.9353097,39.0396975],[-74.9351621,39.0398382],[-74.9349705,39.0400258],[-74.9348593,39.0401562],[-74.9345608,39.0405371],[-74.9343205,39.0408426],[-74.9340092,39.0412541],[-74.9337939,39.0416103],[-74.933719,39.0417142],[-74.9336595,39.0417773],[-74.933577,39.0419137],[-74.9334404,39.0421397],[-74.9331484,39.0425267],[-74.9329936,39.042771],[-74.9327913,39.0431129],[-74.9327346,39.0432126],[-74.9326647,39.0432738],[-74.9325639,39.0434022],[-74.9317296,39.0445467],[-74.9315489,39.0448195],[-74.9313473,39.0450762],[-74.9305905,39.0461107],[-74.9303735,39.0464121],[-74.930172,39.0466728],[-74.9297614,39.0472633],[-74.9293844,39.0478009],[-74.9290588,39.0482286],[-74.9283388,39.0493402],[-74.9282459,39.0494787],[-74.9281227,39.0497199],[-74.9280448,39.0498261],[-74.927959,39.0499797],[-74.9278366,39.0501936],[-74.9277718,39.0503218],[-74.9276244,39.0505087],[-74.9275958,39.050523],[-74.9274579,39.0505418],[-74.9274189,39.0505541],[-74.9273393,39.0506487],[-74.9270206,39.0512197],[-74.9267975,39.0516193],[-74.926751,39.0516655],[-74.926725,39.0516818],[-74.9266875,39.0516938],[-74.9266769,39.0516972],[-74.9266535,39.0517034],[-74.9266431,39.0517095],[-74.9266314,39.0517157],[-74.9266197,39.0517218],[-74.9265294,39.0518562],[-74.9264908,39.0519503],[-74.9264376,39.0520799],[-74.9264237,39.0521409],[-74.9264244,39.0521541],[-74.9264346,39.0523267],[-74.9264596,39.0523774],[-74.926478,39.0523987],[-74.9264898,39.0524138],[-74.9264938,39.052428],[-74.9264951,39.0524402],[-74.9264926,39.0524494],[-74.9264887,39.0524524],[-74.9264783,39.0524535],[-74.9264705,39.0524535],[-74.9264587,39.0524495],[-74.9264431,39.0524455],[-74.9264274,39.0524425],[-74.9264066,39.0524405],[-74.9263792,39.0524417],[-74.926348,39.0524448],[-74.9263103,39.0524511],[-74.9262778,39.0524623],[-74.9262505,39.0524787],[-74.9262305,39.0524954],[-74.9257349,39.0533675],[-74.9257058,39.0534111],[-74.9255998,39.05357],[-74.9253497,39.0539324],[-74.92497,39.0545677],[-74.9248434,39.0547795],[-74.9242712,39.0557109],[-74.9240939,39.0559997],[-74.9239657,39.0562234],[-74.9238068,39.0564769],[-74.923605,39.0567989],[-74.923552,39.0568834],[-74.9234196,39.057164],[-74.9232418,39.0574823],[-74.9231242,39.0576958],[-74.9228925,39.0580952],[-74.9227244,39.0583444],[-74.9223476,39.0590185],[-74.9221006,39.0594022],[-74.9219602,39.0596177],[-74.9216733,39.0601081],[-74.9215831,39.0602603],[-74.9215205,39.0603632],[-74.9213533,39.0605532],[-74.9211781,39.0608872],[-74.9205921,39.0617002],[-74.9201896,39.0623192],[-74.9201056,39.0625113],[-74.9197322,39.0631716],[-74.919693,39.0632334],[-74.919634,39.0632876],[-74.9195503,39.0633496],[-74.9193508,39.0634833],[-74.9191563,39.0636151],[-74.9186735,39.0641029],[-74.9186224,39.0641852],[-74.9185855,39.0642532],[-74.9185651,39.0643146],[-74.9185324,39.0643858],[-74.9184832,39.0644764],[-74.9184183,39.0645824],[-74.9183698,39.0646828],[-74.9183076,39.0647683],[-74.9182412,39.064872],[-74.9181878,39.0649699],[-74.9181637,39.0650235],[-74.918099,39.0651602],[-74.918043,39.0652433],[-74.9178799,39.0655274],[-74.9177941,39.065669],[-74.9177064,39.0658187],[-74.917683,39.0658598],[-74.9176621,39.0658834],[-74.9176113,39.0659562],[-74.9175749,39.0660106],[-74.9175384,39.0660681],[-74.9175034,39.0661306],[-74.9174209,39.0662824],[-74.9173715,39.0663696],[-74.9173078,39.0664753],[-74.9172415,39.0665819],[-74.9171895,39.0666865],[-74.91714,39.0667636],[-74.9165986,39.0675259],[-74.9160077,39.068385],[-74.9159702,39.0684575],[-74.9159114,39.0685546],[-74.9153999,39.0694094],[-74.9150293,39.0699714],[-74.914925,39.0701314],[-74.9148282,39.0702689],[-74.9145941,39.0706261],[-74.9144709,39.0708368],[-74.9142919,39.0711327],[-74.9142218,39.0712553],[-74.9141403,39.0713734],[-74.9138361,39.0718606],[-74.9137507,39.0719846],[-74.9136731,39.0721281],[-74.9135545,39.0722896],[-74.9135109,39.0723643],[-74.9134294,39.0724854],[-74.9130605,39.0730399],[-74.912998,39.0731475],[-74.9128917,39.073294],[-74.9126842,39.0736273],[-74.9126387,39.073705],[-74.9125839,39.0738081],[-74.9125461,39.0739007],[-74.9124875,39.0740142],[-74.9124324,39.074089],[-74.9123665,39.0741661],[-74.9122138,39.0742818],[-74.912146,39.0743455],[-74.9120631,39.07443],[-74.9120124,39.0745099],[-74.9119824,39.0745602],[-74.9119505,39.074609],[-74.9116005,39.075158],[-74.9114991,39.0753163],[-74.9111285,39.0759126],[-74.9107259,39.0765429],[-74.9101214,39.0774692],[-74.9100932,39.0775032],[-74.9100537,39.077558],[-74.9099973,39.0776246],[-74.9099447,39.0777031],[-74.9095571,39.0783156],[-74.9094511,39.0784843],[-74.9093741,39.0785968],[-74.909154,39.0789423],[-74.9089283,39.0792966],[-74.9086627,39.0797227],[-74.9084195,39.0800868],[-74.9083575,39.0801741],[-74.9083087,39.0802466],[-74.90826,39.0803427],[-74.908049,39.0807052],[-74.9080247,39.0807584],[-74.9079927,39.0807969],[-74.9079569,39.0808354],[-74.9079023,39.0808828],[-74.9077657,39.0810162],[-74.9076641,39.0811272],[-74.9075889,39.0812353],[-74.9074716,39.0814261],[-74.9069979,39.0822102],[-74.9066818,39.0827502],[-74.9065939,39.0828979],[-74.9065814,39.0829188],[-74.906529,39.0830194],[-74.9064971,39.0830786],[-74.9064615,39.0831407],[-74.9064145,39.0832103],[-74.9063864,39.0832635],[-74.9063507,39.0833153],[-74.906315,39.0833686],[-74.9062785,39.0834396],[-74.9062505,39.0835046],[-74.9062129,39.0835653],[-74.9061903,39.083589],[-74.9061716,39.0836141],[-74.9061547,39.0836422],[-74.9061397,39.0836733],[-74.9061077,39.0837207],[-74.9060551,39.0837887],[-74.9059132,39.0839841],[-74.905838,39.0840833],[-74.9057684,39.0841765],[-74.9057225,39.084252],[-74.9056624,39.0843393],[-74.9056117,39.0844266],[-74.9055478,39.0845154],[-74.9054688,39.084616],[-74.9052595,39.0849504],[-74.9051207,39.0851842],[-74.905022,39.085155],[-74.9049466,39.0852202],[-74.9047972,39.0854186],[-74.9046564,39.0856449],[-74.9045655,39.0858076],[-74.9044661,39.0859896],[-74.9043723,39.0861552],[-74.9043002,39.0862942],[-74.9042363,39.0863934],[-74.9041426,39.0865635],[-74.9040412,39.0867233],[-74.903875,39.0869704],[-74.9038222,39.0870193],[-74.9037734,39.0870889],[-74.9037394,39.087117],[-74.9037186,39.0871245],[-74.9037054,39.087126],[-74.9036976,39.0871226],[-74.9036883,39.0871187],[-74.9036769,39.0871158],[-74.903658,39.0871144],[-74.9036485,39.0871159],[-74.9036315,39.0871263],[-74.9036303,39.0871279],[-74.9036015,39.0871677],[-74.9033824,39.0874593],[-74.9033026,39.0874212],[-74.9032462,39.0874893],[-74.9031598,39.0876195],[-74.9029337,39.0880012],[-74.9028905,39.0880574],[-74.9028603,39.0880782],[-74.9028244,39.0880931],[-74.9027778,39.0881039],[-74.9027509,39.0881148],[-74.9027256,39.088142],[-74.9027083,39.0881644],[-74.9026989,39.0881891],[-74.902699,39.0882089],[-74.9026944,39.0882287],[-74.902685,39.0882461],[-74.9026708,39.0882622],[-74.9026503,39.0882858],[-74.9026202,39.0883032],[-74.9025886,39.0883231],[-74.9025728,39.0883392],[-74.9025603,39.0883615],[-74.9025509,39.0883937],[-74.9025416,39.0884247],[-74.9025276,39.0884742],[-74.9025262,39.0885063],[-74.9025263,39.088536],[-74.9025279,39.088568],[-74.9025218,39.088593],[-74.9025092,39.0886167],[-74.9024791,39.088665],[-74.9024645,39.0886871],[-74.9024629,39.0886887],[-74.9024188,39.0887318],[-74.9023888,39.0887653],[-74.9023541,39.0888124],[-74.9023132,39.0888694],[-74.902285,39.0889227],[-74.9022668,39.0889413],[-74.9022495,39.0889636],[-74.9022242,39.0889909],[-74.9022085,39.0890132],[-74.9021849,39.0890529],[-74.9021566,39.0891025],[-74.9021315,39.0891495],[-74.9020937,39.0892004],[-74.9020623,39.0892549],[-74.9020371,39.0892822],[-74.9020118,39.0893046],[-74.9019881,39.0893281],[-74.9019597,39.0893616],[-74.9019504,39.0893851],[-74.9019513,39.0894049],[-74.9019482,39.0894284],[-74.9019404,39.0894557],[-74.9019255,39.0894817],[-74.9018972,39.0895214],[-74.9018878,39.0895523],[-74.9018832,39.0895758],[-74.9018785,39.0895944],[-74.9018739,39.0896142],[-74.9018613,39.0896316],[-74.9018329,39.0896638],[-74.9018203,39.0896836],[-74.901811,39.0897097],[-74.9017985,39.0897443],[-74.9017812,39.0897778],[-74.9017544,39.0898162],[-74.9017309,39.0898645],[-74.9017121,39.0899103],[-74.9016997,39.08995],[-74.9017014,39.0899759],[-74.9017126,39.0899957],[-74.901727,39.090008],[-74.9017429,39.0900265],[-74.9017446,39.0900401],[-74.9017399,39.0900512],[-74.9017257,39.0900587],[-74.9017003,39.090065],[-74.9016726,39.0900725],[-74.9016393,39.0900874],[-74.9015618,39.0901273],[-74.901527,39.0901472],[-74.9015033,39.0901671],[-74.9014923,39.0901832],[-74.9014845,39.0902005],[-74.9014798,39.0902166],[-74.9014688,39.0902315],[-74.9014577,39.0902328],[-74.9014465,39.0902303],[-74.9014354,39.0902168],[-74.9014305,39.0901957],[-74.9014272,39.090171],[-74.9014191,39.09015],[-74.9014127,39.0901402],[-74.9014016,39.0901352],[-74.9013825,39.0901378],[-74.9013636,39.0901502],[-74.9013557,39.0901688],[-74.9013543,39.0901948],[-74.9013529,39.0902183],[-74.9013506,39.090243],[-74.9013443,39.0902566],[-74.9013175,39.0902765],[-74.9012906,39.090289],[-74.9012494,39.0903052],[-74.9012241,39.0903177],[-74.9012041,39.0903285],[-74.9011988,39.0903313],[-74.9011798,39.0903462],[-74.901164,39.0903611],[-74.9011483,39.090381],[-74.9011404,39.0903983],[-74.9011406,39.0904255],[-74.9011408,39.0904614],[-74.9011425,39.0904935],[-74.9011405,39.0905493],[-74.9011339,39.0905663],[-74.9010967,39.0906607],[-74.9010921,39.0906904],[-74.9010749,39.0907387],[-74.9010529,39.0907795],[-74.9010357,39.0908167],[-74.9010247,39.0908489],[-74.9010217,39.0908761],[-74.9010219,39.0909021],[-74.901022,39.090928],[-74.9010222,39.090954],[-74.9010136,39.0909825],[-74.9010026,39.0910048],[-74.9009868,39.0910222],[-74.9009663,39.091047],[-74.9009538,39.0910705],[-74.9009476,39.0910977],[-74.9009462,39.0911287],[-74.9009479,39.0911596],[-74.9009481,39.0911831],[-74.9009466,39.0912053],[-74.9009372,39.0912264],[-74.9009214,39.0912425],[-74.9008962,39.0912636],[-74.9008725,39.091281],[-74.9008551,39.0912996],[-74.900837,39.0913158],[-74.900826,39.0913405],[-74.9008246,39.0913727],[-74.9008263,39.091395],[-74.900836,39.0914221],[-74.9008472,39.0914382],[-74.9008663,39.0914455],[-74.9008869,39.0914467],[-74.9009075,39.0914466],[-74.9009234,39.0914528],[-74.9009394,39.0914651],[-74.9009395,39.0914886],[-74.9009238,39.0915158],[-74.9009001,39.0915431],[-74.9008574,39.091568],[-74.900821,39.0915854],[-74.9007823,39.0916066],[-74.9007411,39.091629],[-74.9007143,39.0916501],[-74.9006874,39.0916737],[-74.9006622,39.091701],[-74.9006417,39.0917283],[-74.900626,39.0917543],[-74.900605,39.0917862],[-74.9002183,39.0924792],[-74.9002082,39.0925054],[-74.9001972,39.0925268],[-74.9001932,39.0925411],[-74.9001933,39.0925601],[-74.9001944,39.0925783],[-74.9002017,39.0926028],[-74.9002079,39.0926171],[-74.900214,39.0926353],[-74.9002141,39.0926495],[-74.9002123,39.0926852],[-74.9002113,39.0927747],[-74.9002043,39.0928024],[-74.9001893,39.092835],[-74.9001762,39.0928619],[-74.9001671,39.0928786],[-74.900148,39.0929008],[-74.9001313,39.0929207],[-74.9001223,39.0929477],[-74.9001113,39.0929865],[-74.9001015,39.0930365],[-74.9000996,39.0930689],[-74.9000906,39.0930975],[-74.9000831,39.0931126],[-74.9000549,39.0931641],[-74.9000288,39.0932165],[-74.8999734,39.0933118],[-74.8999443,39.0933713],[-74.8999212,39.093426],[-74.8999072,39.0934641],[-74.8998976,39.0934815],[-74.8998654,39.0935355],[-74.899822,39.0935982],[-74.8997968,39.0936348],[-74.8997777,39.0936602],[-74.8997554,39.0936848],[-74.8997367,39.0936976],[-74.8997215,39.0937111],[-74.8997013,39.0937254],[-74.8996861,39.0937476],[-74.8996792,39.0937667],[-74.8996742,39.093792],[-74.8996633,39.0938317],[-74.8996482,39.0938713],[-74.8996262,39.0939229],[-74.899602,39.093957],[-74.8995646,39.0940047],[-74.8995444,39.0940317],[-74.8995273,39.0940563],[-74.8995183,39.0940833],[-74.8995104,39.0941182],[-74.899507,39.0941546],[-74.8995041,39.0941831],[-74.8994991,39.0941927],[-74.899491,39.0942006],[-74.8994849,39.0942062],[-74.8994769,39.0942133],[-74.8994667,39.0942189],[-74.8994586,39.0942261],[-74.8994445,39.0942443],[-74.8994385,39.094261],[-74.899424,39.0943094],[-74.8994161,39.094349],[-74.8994111,39.0943664],[-74.899397,39.0943855],[-74.8993829,39.0944038],[-74.8993687,39.0944165],[-74.8993495,39.0944379],[-74.8993323,39.094457],[-74.8993131,39.0944745],[-74.8992939,39.0944896],[-74.8992767,39.0945031],[-74.8992544,39.0945207],[-74.8992201,39.0945596],[-74.8991807,39.094608],[-74.8991404,39.0946652],[-74.8991278,39.0946827],[-74.8991097,39.0947208],[-74.8991007,39.0947469],[-74.8990898,39.0947874],[-74.8990777,39.0948183],[-74.8990637,39.0948508],[-74.8990435,39.0948794],[-74.8990284,39.0949064],[-74.8990188,39.0949223],[-74.8989937,39.0949723],[-74.8989746,39.0950143],[-74.8989565,39.0950453],[-74.8989414,39.0950651],[-74.8989282,39.0950802],[-74.89891,39.0951009],[-74.898903,39.0951183],[-74.8988905,39.0951572],[-74.8988826,39.0951857],[-74.8988746,39.0952111],[-74.8988615,39.0952389],[-74.8988404,39.095277],[-74.8988163,39.0953222],[-74.8987941,39.0953666],[-74.898775,39.0954023],[-74.8987283,39.0954984],[-74.8986981,39.0955587],[-74.898675,39.0956047],[-74.8986528,39.0956396],[-74.8986377,39.095665],[-74.8986282,39.0956785],[-74.898613,39.0956968],[-74.8986019,39.0957111],[-74.8985868,39.0957246],[-74.8985817,39.0957333],[-74.8985767,39.0957468],[-74.8985748,39.0957635],[-74.8985749,39.0957833],[-74.898572,39.0958047],[-74.8985659,39.0958213],[-74.8985499,39.095853],[-74.8985358,39.0958824],[-74.8985156,39.0959086],[-74.8984934,39.0959348],[-74.8984773,39.0959571],[-74.8984707,39.0959674],[-74.8984607,39.0959951],[-74.8984548,39.0960197],[-74.8984549,39.0960482],[-74.898457,39.0960593],[-74.898455,39.0960665],[-74.89845,39.0960768],[-74.8984399,39.0960887],[-74.8984328,39.0960974],[-74.8984227,39.0961085],[-74.8984126,39.0961213],[-74.8984056,39.0961347],[-74.8984026,39.0961482],[-74.8983977,39.0961712],[-74.8983856,39.0961958],[-74.8983705,39.0962228],[-74.8983483,39.0962609],[-74.8983338,39.0962879],[-74.8983207,39.0963196],[-74.8983077,39.0963513],[-74.8982946,39.0963783],[-74.8982846,39.0964053],[-74.8982705,39.0964354],[-74.8982585,39.09646],[-74.8982444,39.0964941],[-74.8982283,39.0965211],[-74.8982122,39.0965481],[-74.8981976,39.096568],[-74.8981694,39.0966243],[-74.8981483,39.0966687],[-74.8981283,39.0967195],[-74.8981153,39.0967615],[-74.8981043,39.0967869],[-74.8980942,39.0968075],[-74.8980862,39.0968194],[-74.8980751,39.0968345],[-74.8980634,39.0968465],[-74.8980483,39.0968687],[-74.8980383,39.0968957],[-74.8980324,39.0969242],[-74.8980305,39.0969511],[-74.8980245,39.0969733],[-74.8980114,39.0969987],[-74.8979934,39.0970376],[-74.8979723,39.0970828],[-74.8979492,39.0971312],[-74.8979105,39.0972185],[-74.8978966,39.0972692],[-74.8978816,39.0973224],[-74.8978696,39.0973541],[-74.8978626,39.0973739],[-74.8978566,39.0973874],[-74.8978445,39.0974033],[-74.8978283,39.0974176],[-74.8978207,39.0974255],[-74.8978116,39.0974383],[-74.8978056,39.0974557],[-74.8978006,39.0974779],[-74.8977957,39.0975001],[-74.8977847,39.097535],[-74.8977697,39.0975699],[-74.8977476,39.097623],[-74.8977406,39.0976389],[-74.897733,39.0976564],[-74.897724,39.097673],[-74.8977139,39.0976841],[-74.8977028,39.0976953],[-74.8976957,39.0977048],[-74.8976856,39.0977175],[-74.8976816,39.0977294],[-74.8976817,39.0977429],[-74.8976808,39.0977603],[-74.8976799,39.0977793],[-74.8976799,39.0977904],[-74.8976769,39.0977999],[-74.8976658,39.097815],[-74.8976558,39.0978317],[-74.8976457,39.0978491],[-74.8976266,39.0978936],[-74.8975779,39.0979991],[-74.8975448,39.0980689],[-74.8975278,39.0981197],[-74.8975107,39.0981625],[-74.8975038,39.0981989],[-74.8974928,39.0982283],[-74.8974767,39.0982585],[-74.897453,39.098295],[-74.8974288,39.0983363],[-74.8974098,39.098387],[-74.8973968,39.0984172],[-74.8973838,39.09846],[-74.8973748,39.0984869],[-74.8973637,39.098506],[-74.8973546,39.0985203],[-74.8973415,39.0985393],[-74.8973315,39.0985568],[-74.8973275,39.0985814],[-74.8973261,39.0985972],[-74.8973192,39.0986329],[-74.8973153,39.0986685],[-74.8973084,39.0986987],[-74.8973014,39.0987217],[-74.8972913,39.0987439],[-74.8972783,39.0987653],[-74.8972611,39.0987939],[-74.8972501,39.0988137],[-74.897239,39.0988296],[-74.8972279,39.0988447],[-74.8972178,39.0988566],[-74.8972077,39.0988756],[-74.8971962,39.0989153],[-74.8971832,39.0989541],[-74.8971621,39.0989978],[-74.8971421,39.099047],[-74.8971099,39.0991105],[-74.8970898,39.0991549],[-74.8970738,39.0991961],[-74.897021,39.0993872],[-74.8970131,39.0994324],[-74.8970082,39.0994649],[-74.8970002,39.0994895],[-74.8969932,39.0995061],[-74.896979,39.0995228],[-74.89697,39.0995387],[-74.8969655,39.0995474],[-74.8969656,39.0995704],[-74.8969698,39.0995878],[-74.896979,39.0996115],[-74.8969844,39.0996527],[-74.8969805,39.0996931],[-74.8969746,39.0997169],[-74.8969635,39.0997431],[-74.8969514,39.0997645],[-74.8969399,39.099797],[-74.8969391,39.0998279],[-74.8969403,39.0998667],[-74.8969496,39.0999],[-74.896964,39.0999261],[-74.8969825,39.0999521],[-74.8969948,39.0999727],[-74.897001,39.0999972],[-74.8970011,39.1000162],[-74.8969972,39.1000463],[-74.8969939,39.1000907],[-74.8969942,39.1001422],[-74.8969985,39.1001826],[-74.8969968,39.1002333],[-74.8969918,39.1002571],[-74.8969129,39.1006683],[-74.896908,39.1006979],[-74.8968931,39.1007332],[-74.8968758,39.1007635],[-74.8968416,39.1008068],[-74.8968338,39.1008235],[-74.896822,39.1008365],[-74.8968054,39.1008502],[-74.8967667,39.1008787],[-74.8967273,39.100914],[-74.8966824,39.1009648],[-74.8966642,39.1009877],[-74.89666,39.1010004],[-74.8966505,39.1010255],[-74.8966394,39.1010531],[-74.8966299,39.1010756],[-74.8966108,39.1011057],[-74.8965741,39.1011508],[-74.8965327,39.1012085],[-74.8965105,39.1012549],[-74.8964867,39.1013075],[-74.8964653,39.1013601],[-74.8964527,39.1013977],[-74.8964336,39.1014253],[-74.8964193,39.1014466],[-74.8964017,39.1014754],[-74.8963907,39.1015005],[-74.8963844,39.101533],[-74.8963765,39.1015593],[-74.8963607,39.1015944],[-74.8963385,39.1016407],[-74.8963162,39.1016758],[-74.8962971,39.1017022],[-74.8962827,39.1017172],[-74.8962636,39.1017386],[-74.8962413,39.1017687],[-74.8962269,39.1017862],[-74.8962085,39.1018063],[-74.8961895,39.1018451],[-74.8961817,39.1018777],[-74.896177,39.1019127],[-74.8961644,39.1019515],[-74.8961396,39.1019967],[-74.8458076,39.0813091]]],[[[-74.765805,39.0820455],[-74.8154454,39.1070701],[-74.7741946,39.1447304],[-74.7662645,39.1427842],[-74.7658902,39.1427624],[-74.7654579,39.1427372],[-74.7654522,39.1427372],[-74.7653288,39.1427462],[-74.7651325,39.1427947],[-74.764729,39.1428909],[-74.7645187,39.1429145],[-74.7638949,39.1427233],[-74.7631688,39.1424935],[-74.7627689,39.1423833],[-74.7623641,39.1422361],[-74.7622391,39.1421928],[-74.7621546,39.1421791],[-74.7620975,39.1421691],[-74.7620725,39.1421571],[-74.7620594,39.142146],[-74.7620237,39.1421276],[-74.7619523,39.1421166],[-74.761875,39.1421029],[-74.7617738,39.1420726],[-74.7615423,39.1420004],[-74.7614078,39.1419572],[-74.7612875,39.141926],[-74.7612244,39.1419011],[-74.7610602,39.1418608],[-74.7610126,39.1418516],[-74.7609912,39.1418415],[-74.7609435,39.1418175],[-74.7608626,39.1417834],[-74.7607698,39.1417623],[-74.7605478,39.1416985],[-74.7604644,39.1416691],[-74.7603657,39.141648],[-74.7601854,39.1415933],[-74.7601437,39.1415823],[-74.7601258,39.1415703],[-74.7601162,39.1415509],[-74.7601114,39.1415351],[-74.7601007,39.1415176],[-74.7600733,39.141501],[-74.7600412,39.1414992],[-74.7600258,39.1415094],[-74.7600163,39.1415261],[-74.7599985,39.1415335],[-74.7599759,39.1415336],[-74.759964,39.1415308],[-74.7599509,39.1415188],[-74.7599162,39.1414819],[-74.7598936,39.1414653],[-74.7598722,39.1414579],[-74.759852,39.1414598],[-74.7598365,39.1414682],[-74.7598247,39.1414811],[-74.7598188,39.1414951],[-74.759807,39.1415062],[-74.7597844,39.1415081],[-74.7597641,39.1414998],[-74.7597504,39.1414827],[-74.759729,39.1414679],[-74.7597087,39.1414532],[-74.7596849,39.1414495],[-74.7596552,39.141444],[-74.7596242,39.1414413],[-74.7596017,39.1414423],[-74.7595743,39.1414507],[-74.7595458,39.14146],[-74.7595102,39.1414647],[-74.7594662,39.1414648],[-74.7594412,39.1414593],[-74.7594162,39.1414409],[-74.75939,39.1414335],[-74.7593496,39.1414336],[-74.7592812,39.1414444],[-74.7592492,39.1414463],[-74.7592313,39.1414399],[-74.759217,39.141427],[-74.7592074,39.1414066],[-74.7592001,39.1413798],[-74.7591917,39.1413455],[-74.7591798,39.1413326],[-74.759156,39.1413188],[-74.759119,39.1413087],[-74.7590905,39.141305],[-74.7590584,39.1413014],[-74.7590239,39.1413079],[-74.7589859,39.1413145],[-74.7589621,39.141321],[-74.7589408,39.1413267],[-74.7589218,39.1413387],[-74.7589016,39.1413545],[-74.7588802,39.141361],[-74.75886,39.1413602],[-74.7588398,39.1413546],[-74.7588255,39.1413445],[-74.7588148,39.1413306],[-74.7588076,39.1413149],[-74.7587968,39.1412899],[-74.7587919,39.1412733],[-74.7587812,39.1412557],[-74.7587585,39.1412437],[-74.7587371,39.1412373],[-74.758711,39.1412346],[-74.7586747,39.1412333],[-74.7586664,39.1412268],[-74.7586604,39.1412203],[-74.7586603,39.1412064],[-74.7586627,39.1411944],[-74.7586721,39.1411805],[-74.7586935,39.1411703],[-74.7587125,39.14116],[-74.7587469,39.1411424],[-74.7587766,39.1411257],[-74.7587813,39.1411108],[-74.7587764,39.141096],[-74.7587586,39.141084],[-74.7587312,39.1410767],[-74.7586955,39.1410804],[-74.7586492,39.1410889],[-74.758604,39.141089],[-74.7585779,39.1410881],[-74.7585517,39.1410789],[-74.7585314,39.1410595],[-74.7584974,39.1410203],[-74.7584603,39.140975],[-74.7584293,39.1409528],[-74.7584055,39.1409454],[-74.7583818,39.1409455],[-74.7583604,39.1409502],[-74.758339,39.140953],[-74.7583271,39.140953],[-74.7583152,39.1409512],[-74.7583009,39.1409438],[-74.7582866,39.1409309],[-74.7582782,39.1409161],[-74.7582793,39.1408976],[-74.7582793,39.1408819],[-74.7582697,39.1408652],[-74.7582578,39.1408551],[-74.7582328,39.1408505],[-74.7582007,39.1408552],[-74.7581651,39.1408645],[-74.7581425,39.1408738],[-74.7581188,39.1408924],[-74.7581034,39.1409193],[-74.758081,39.140948],[-74.7580572,39.1409564],[-74.7580382,39.1409564],[-74.7580227,39.1409472],[-74.7580131,39.1409278],[-74.7580131,39.1409047],[-74.7580189,39.140887],[-74.7580521,39.1408481],[-74.7580924,39.14081],[-74.7581054,39.1407859],[-74.7581035,39.1407744],[-74.7580797,39.1407596],[-74.7580428,39.140744],[-74.7580071,39.1407348],[-74.7579845,39.140732],[-74.7579595,39.1407321],[-74.757931,39.1407396],[-74.7578942,39.1407526],[-74.7578609,39.1407619],[-74.7578265,39.140763],[-74.7577872,39.140763],[-74.7577385,39.1407743],[-74.7576946,39.1407836],[-74.7576494,39.1407939],[-74.7575924,39.1408014],[-74.7575567,39.1408015],[-74.7575281,39.1407886],[-74.7574996,39.140772],[-74.7574614,39.1407517],[-74.7574186,39.1407333],[-74.7573757,39.1407241],[-74.7573163,39.1407224],[-74.7572687,39.1407077],[-74.7572424,39.1406911],[-74.7572234,39.1406726],[-74.7571971,39.1406449],[-74.7571804,39.1406227],[-74.7571637,39.1406116],[-74.7571185,39.140608],[-74.7570947,39.1406118],[-74.7570567,39.1406175],[-74.7570222,39.1406203],[-74.7569628,39.1406204],[-74.7569247,39.140615],[-74.7568866,39.1405928],[-74.7568532,39.1405522],[-74.7568269,39.1405207],[-74.756784,39.1404949],[-74.7567483,39.1404876],[-74.7566913,39.1404951],[-74.756601,39.1405231],[-74.7565345,39.140538],[-74.7564727,39.1405419],[-74.7563965,39.1405309],[-74.7563608,39.1405236],[-74.7562965,39.1404886],[-74.7562203,39.1404591],[-74.7561489,39.1404222],[-74.7561053,39.1403848],[-74.7560236,39.1403031],[-74.7559723,39.1402624],[-74.7559437,39.1402477],[-74.7559056,39.1402385],[-74.7558735,39.1402367],[-74.7557766,39.140242],[-74.7557042,39.140245],[-74.7556459,39.1402451],[-74.7556055,39.1402489],[-74.7555686,39.1402564],[-74.755539,39.1402666],[-74.7555093,39.1402834],[-74.7554654,39.1403159],[-74.7554275,39.14034],[-74.7553907,39.1403586],[-74.7553574,39.1403661],[-74.7553313,39.1403606],[-74.7553175,39.1403528],[-74.755302,39.1403315],[-74.7552936,39.1403056],[-74.7552935,39.1402769],[-74.7553005,39.1402324],[-74.7552992,39.1402093],[-74.7552908,39.1401908],[-74.7552812,39.1401769],[-74.7552586,39.140164],[-74.75523,39.1401595],[-74.7552003,39.1401604],[-74.7551706,39.1401633],[-74.7551302,39.1401698],[-74.7550922,39.140182],[-74.7550459,39.1402052],[-74.7550044,39.1402285],[-74.7549641,39.1402498],[-74.7549225,39.1402564],[-74.7549154,39.1402555],[-74.7548963,39.1402537],[-74.7548761,39.1402445],[-74.7548498,39.1402205],[-74.7548015,39.1401877],[-74.7547646,39.1401702],[-74.7546991,39.1401453],[-74.7546516,39.1401315],[-74.7545813,39.140116],[-74.7545385,39.1401086],[-74.7544566,39.1401028],[-74.7544511,39.1401038],[-74.7543965,39.1401131],[-74.7543466,39.140129],[-74.754305,39.1401531],[-74.754279,39.1401791],[-74.7542696,39.1401995],[-74.7542697,39.1402273],[-74.7542722,39.1402671],[-74.7542819,39.1403124],[-74.7542856,39.1403772],[-74.7542865,39.1404471],[-74.7542771,39.1404916],[-74.7542618,39.1405176],[-74.7542298,39.1405436],[-74.7541847,39.1405631],[-74.7541181,39.1405707],[-74.7540694,39.1405708],[-74.7539778,39.1405598],[-74.7539082,39.140541],[-74.7538689,39.1405244],[-74.7538367,39.1404977],[-74.7538116,39.140457],[-74.7538019,39.1404274],[-74.753803,39.1404005],[-74.7538166,39.1403612],[-74.7538437,39.140299],[-74.7538684,39.140237],[-74.7538801,39.1401795],[-74.75388,39.1401453],[-74.7538775,39.1401138],[-74.753856,39.140087],[-74.7538155,39.1400574],[-74.7537279,39.1400044],[-74.7536659,39.1399647],[-74.7536313,39.1399333],[-74.7535967,39.1398843],[-74.7535572,39.1398205],[-74.753525,39.1397725],[-74.753476,39.1397253],[-74.7533848,39.1396454],[-74.7533061,39.1395873],[-74.753231,39.139531],[-74.7531869,39.1394959],[-74.7531154,39.1394572],[-74.7530511,39.1394286],[-74.7529726,39.1394028],[-74.7528863,39.1393739],[-74.7527803,39.1393278],[-74.7526945,39.1392743],[-74.7526253,39.1392105],[-74.7525627,39.1391556],[-74.7525376,39.1391223],[-74.7525173,39.1390863],[-74.7525088,39.1390511],[-74.7525099,39.1390011],[-74.7525381,39.1389168],[-74.7525463,39.1388825],[-74.7525473,39.1388464],[-74.7525454,39.1388154],[-74.7525382,39.1387802],[-74.7525309,39.1387469],[-74.7525093,39.1386997],[-74.7524712,39.1386609],[-74.7524271,39.1386268],[-74.7523556,39.1385788],[-74.7523149,39.1385196],[-74.752291,39.1384632],[-74.7522765,39.138416],[-74.752274,39.138379],[-74.7522773,39.1382947],[-74.7522836,39.1382294],[-74.752308,39.1380618],[-74.7523467,39.137921],[-74.7523773,39.1378468],[-74.7523998,39.137806],[-74.7524329,39.137768],[-74.7525105,39.1376868],[-74.7525781,39.1376237],[-74.7526456,39.1375643],[-74.7527202,39.1374864],[-74.7527746,39.1374085],[-74.7528402,39.1373098],[-74.7529762,39.1370872],[-74.7530559,39.136944],[-74.7530771,39.1368977],[-74.7531078,39.136818],[-74.7531289,39.1367531],[-74.7531405,39.1366679],[-74.7531426,39.1365976],[-74.7531382,39.1365258],[-74.7531286,39.136486],[-74.7531094,39.1364435],[-74.7530842,39.1363862],[-74.7530453,39.1363163],[-74.7529999,39.1362433],[-74.7529664,39.1361739],[-74.7529364,39.1361119],[-74.752916,39.1360685],[-74.752898,39.1360102],[-74.7528681,39.1359575],[-74.7528228,39.1359104],[-74.7527459,39.1358554],[-74.7526767,39.1358028],[-74.7526243,39.1357659],[-74.7525564,39.1357179],[-74.7523711,39.1356049],[-74.7522763,39.1355352],[-74.752175,39.1354539],[-74.7520593,39.1353569],[-74.7519627,39.1352618],[-74.7518827,39.1351796],[-74.7517801,39.135065],[-74.7517013,39.1349781],[-74.7516463,39.1348856],[-74.7516247,39.1348116],[-74.7516167,39.1347556],[-74.7514385,39.1347893],[-74.7512011,39.1348787],[-74.7510302,39.1349773],[-74.7508311,39.1351369],[-74.7506094,39.1353087],[-74.7504243,39.1354239],[-74.7502772,39.1355094],[-74.7501823,39.1355763],[-74.7501607,39.135591],[-74.7500732,39.1356505],[-74.7500016,39.1356963],[-74.7499229,39.1357456],[-74.7498373,39.1358119],[-74.7497847,39.135866],[-74.7497373,39.1359128],[-74.749694,39.1359596],[-74.7496666,39.1359794],[-74.7496171,39.1360005],[-74.749553,39.1360167],[-74.7494796,39.1360234],[-74.7494423,39.1360266],[-74.7493699,39.136026],[-74.7493544,39.136026],[-74.7492246,39.136044],[-74.749036,39.136055],[-74.7489899,39.1360551],[-74.7489417,39.1360536],[-74.7489082,39.1360504],[-74.7488641,39.1360423],[-74.7488159,39.1360212],[-74.7487676,39.1359903],[-74.7486919,39.1359366],[-74.7486247,39.135891],[-74.7485701,39.1358601],[-74.7485093,39.1358472],[-74.7484254,39.1358506],[-74.7483459,39.1358785],[-74.7482912,39.1358232],[-74.7482385,39.1357417],[-74.7481942,39.135652],[-74.7481687,39.1355533],[-74.7481653,39.1355199],[-74.7481383,39.1352547],[-74.748129,39.1349984],[-74.7481025,39.1346914],[-74.7481053,39.1346818],[-74.7481148,39.1345948],[-74.7481159,39.1344576],[-74.7481103,39.1342594],[-74.7480999,39.1340897],[-74.7481109,39.1339792],[-74.7481068,39.13372],[-74.7481093,39.1335041],[-74.7481044,39.133504],[-74.748057,39.1334914],[-74.7479713,39.1334611],[-74.7479173,39.1334332],[-74.7478519,39.1333851],[-74.7477692,39.1333077],[-74.7477005,39.1332393],[-74.7476202,39.1331441],[-74.7474433,39.1329447],[-74.7473582,39.1328636],[-74.7472502,39.1327799],[-74.7471734,39.1327271],[-74.7471325,39.1326989],[-74.7469659,39.1326509],[-74.7468418,39.1326283],[-74.7465351,39.1326201],[-74.7463033,39.1325977],[-74.7460976,39.13256],[-74.7458625,39.1325021],[-74.7455197,39.1324066],[-74.7450848,39.132296],[-74.7447028,39.1321758],[-74.7443703,39.1320499],[-74.744035,39.1319147],[-74.7435405,39.1316987],[-74.7432928,39.1315837],[-74.742847,39.1313865],[-74.7425463,39.1312646],[-74.7424117,39.1311686],[-74.7423301,39.1310807],[-74.7422803,39.1309845],[-74.7422533,39.1308419],[-74.7422549,39.1307717],[-74.74226,39.1307222],[-74.7422916,39.1306492],[-74.7423337,39.1305734],[-74.7423829,39.1304866],[-74.7424514,39.1303929],[-74.7425499,39.1302758],[-74.7426362,39.1301779],[-74.7427822,39.130016],[-74.7429089,39.1298561],[-74.7430178,39.1296853],[-74.7430704,39.1295613],[-74.7431544,39.1293548],[-74.7432322,39.1291269],[-74.7433394,39.1289437],[-74.7434465,39.1287571],[-74.7435043,39.1286318],[-74.743548,39.1284954],[-74.7435776,39.1283688],[-74.7436054,39.1282263],[-74.7436451,39.1279621],[-74.7437094,39.12766],[-74.7437862,39.1272953],[-74.7437682,39.1272939],[-74.7436516,39.1272694],[-74.7436056,39.1272488],[-74.7434603,39.1271336],[-74.7433009,39.1270156],[-74.7431132,39.1268756],[-74.7431111,39.1268742],[-74.743007,39.1268016],[-74.7427911,39.1266782],[-74.7427291,39.1266382],[-74.7425786,39.126541],[-74.7424547,39.1264532],[-74.7422775,39.1262981],[-74.7421286,39.1261444],[-74.7419973,39.1259768],[-74.7417241,39.1256059],[-74.7416141,39.1254795],[-74.7415396,39.1253806],[-74.7411802,39.12501],[-74.7409158,39.1247885],[-74.7406279,39.1245654],[-74.7406067,39.1245503],[-74.7403476,39.1243658],[-74.7402859,39.1243313],[-74.7400751,39.1242134],[-74.7398858,39.1241078],[-74.7396966,39.12402],[-74.7394848,39.1239439],[-74.7393032,39.1238913],[-74.739016,39.1238566],[-74.7388271,39.1238687],[-74.7385854,39.1238986],[-74.7384064,39.1239617],[-74.7383537,39.1239802],[-74.7382156,39.1240289],[-74.7375516,39.124301],[-74.7367216,39.1246676],[-74.7364578,39.1248682],[-74.7362523,39.1250108],[-74.7360386,39.1251594],[-74.7356842,39.1253952],[-74.7352754,39.1256887],[-74.735185,39.1257682],[-74.7351066,39.1258672],[-74.7350151,39.1259935],[-74.7349237,39.1261505],[-74.7348453,39.1262802],[-74.7348019,39.1263741],[-74.7345715,39.126845],[-74.7344322,39.1270839],[-74.7342842,39.1273262],[-74.7341709,39.1274628],[-74.7341489,39.1274861],[-74.7340095,39.1276336],[-74.7338567,39.1277413],[-74.7335595,39.127868],[-74.7333322,39.1279502],[-74.7330785,39.1279883],[-74.7327284,39.1280009],[-74.7318662,39.1279992],[-74.73104,39.1280262],[-74.7307546,39.1280355],[-74.7295065,39.1280966],[-74.7287942,39.1281314],[-74.7284357,39.1281477],[-74.7277002,39.1281813],[-74.72672,39.1282514],[-74.7260992,39.1283095],[-74.7259763,39.128321],[-74.7247906,39.128463],[-74.7243093,39.1285083],[-74.7234212,39.128631],[-74.722612,39.1287655],[-74.7220474,39.1287836],[-74.7214872,39.1287881],[-74.7211108,39.1287683],[-74.7208087,39.1287382],[-74.7207211,39.1287145],[-74.7205814,39.12866],[-74.7205379,39.1286396],[-74.7204075,39.1285613],[-74.7203127,39.1284818],[-74.7202364,39.1283848],[-74.7201461,39.1282521],[-74.7200306,39.1279747],[-74.7198835,39.1275379],[-74.7197927,39.1272399],[-74.7197483,39.1269406],[-74.7197482,39.1269137],[-74.7197475,39.1266749],[-74.7197959,39.1262933],[-74.7199553,39.125728],[-74.7200288,39.1254236],[-74.7200408,39.1253029],[-74.7200298,39.1252009],[-74.7200206,39.125186],[-74.7199929,39.1251456],[-74.719933,39.1250837],[-74.719872,39.1250121],[-74.7197788,39.1249442],[-74.7196078,39.1248279],[-74.7195202,39.12476],[-74.7194201,39.1246921],[-74.7193117,39.1246177],[-74.7191616,39.1245175],[-74.7189115,39.1243754],[-74.7186864,39.1242624],[-74.7185155,39.1241687],[-74.7173953,39.1236275],[-74.7174545,39.123527],[-74.7175117,39.1234259],[-74.7175669,39.1233241],[-74.7176202,39.1232216],[-74.7176714,39.1231185],[-74.7177206,39.1230149],[-74.7177678,39.1229107],[-74.717813,39.1228059],[-74.7178561,39.1227006],[-74.7178972,39.1225948],[-74.7179362,39.1224886],[-74.7179731,39.1223819],[-74.7180079,39.1222748],[-74.7180406,39.1221673],[-74.7180713,39.1220594],[-74.7180998,39.1219512],[-74.7181262,39.1218426],[-74.7181505,39.1217337],[-74.7181727,39.1216246],[-74.7181927,39.1215152],[-74.7182106,39.1214057],[-74.7182264,39.1212959],[-74.71824,39.1211859],[-74.7182515,39.1210758],[-74.7182608,39.1209655],[-74.718268,39.1208552],[-74.718273,39.1207448],[-74.7182759,39.1206344],[-74.7182766,39.1205239],[-74.7182751,39.1204134],[-74.7182716,39.120303],[-74.7182658,39.1201926],[-74.7182579,39.1200823],[-74.7182479,39.1199721],[-74.7182357,39.119862],[-74.7182256,39.1198147],[-74.7182134,39.1197676],[-74.7181991,39.1197209],[-74.7181828,39.1196746],[-74.7181644,39.1196288],[-74.7181439,39.1195835],[-74.7181215,39.1195388],[-74.718097,39.1194947],[-74.7180706,39.1194513],[-74.7180423,39.1194087],[-74.7180121,39.1193668],[-74.71798,39.1193257],[-74.7179461,39.1192856],[-74.7179105,39.1192464],[-74.7178731,39.1192081],[-74.717834,39.1191709],[-74.7177933,39.1191348],[-74.717751,39.1190998],[-74.7177072,39.1190659],[-74.7176618,39.1190333],[-74.7176151,39.1190019],[-74.7175669,39.1189717],[-74.7175175,39.1189429],[-74.7174667,39.1189154],[-74.7174148,39.1188893],[-74.7173618,39.1188646],[-74.7173077,39.1188414],[-74.7172525,39.1188196],[-74.7171965,39.1187993],[-74.7171395,39.1187806],[-74.7170818,39.1187634],[-74.7160084,39.118497],[-74.7161088,39.1181882],[-74.7161463,39.1180654],[-74.7161681,39.1180063],[-74.7161957,39.1179084],[-74.7162134,39.1178338],[-74.7162212,39.1177826],[-74.716229,39.1177266],[-74.7162289,39.1176787],[-74.7162502,39.117657],[-74.7162731,39.1176363],[-74.7162976,39.1176167],[-74.7163235,39.1175983],[-74.7163509,39.1175811],[-74.7163795,39.1175653],[-74.7164093,39.1175508],[-74.7164402,39.1175377],[-74.716472,39.1175262],[-74.7165047,39.1175161],[-74.7165381,39.1175075],[-74.7165721,39.1175006],[-74.7166066,39.1174952],[-74.7166414,39.1174915],[-74.7166765,39.1174893],[-74.7167117,39.1174889],[-74.7167468,39.1174901],[-74.7167818,39.1174929],[-74.7168165,39.1174973],[-74.7168508,39.1175034],[-74.7168845,39.1175111],[-74.7169177,39.1175203],[-74.71695,39.117531],[-74.7169814,39.1175433],[-74.7170118,39.117557],[-74.7170411,39.1175721],[-74.7170593,39.1175891],[-74.717078,39.1176055],[-74.7170973,39.1176214],[-74.7171171,39.1176367],[-74.7171374,39.1176515],[-74.7171582,39.1176657],[-74.7171796,39.1176793],[-74.7172016,39.1176923],[-74.7172225,39.1177039],[-74.7172446,39.1177152],[-74.7172681,39.1177263],[-74.7172928,39.1177372],[-74.7173189,39.1177479],[-74.7173465,39.1177585],[-74.7173757,39.117769],[-74.7174069,39.1177796],[-74.7174326,39.1177876],[-74.7174597,39.1177954],[-74.7174882,39.1178028],[-74.7175184,39.11781],[-74.7175501,39.1178169],[-74.7175846,39.1178238],[-74.7176687,39.1178391],[-74.7177648,39.1178565],[-74.7178048,39.1178633],[-74.7178464,39.1178696],[-74.7178837,39.1178741],[-74.7179215,39.1178774],[-74.7179567,39.1178788],[-74.7179735,39.1178788],[-74.7179898,39.1178784],[-74.7180057,39.1178776],[-74.7180212,39.1178763],[-74.718039,39.1178742],[-74.7180571,39.1178716],[-74.7180756,39.1178685],[-74.7180943,39.1178648],[-74.7181133,39.1178607],[-74.7181326,39.1178559],[-74.718152,39.1178507],[-74.7181717,39.1178449],[-74.7182115,39.1178319],[-74.7182517,39.1178169],[-74.7182917,39.1178001],[-74.7183312,39.1177818],[-74.7183443,39.1177751],[-74.7183574,39.1177678],[-74.7183703,39.1177599],[-74.7183832,39.1177515],[-74.718396,39.1177425],[-74.7184089,39.1177328],[-74.718435,39.1177113],[-74.7184573,39.1176912],[-74.7184813,39.1176678],[-74.7185042,39.1176444],[-74.7185619,39.1175841],[-74.7185942,39.117552],[-74.7186116,39.1175357],[-74.7186285,39.1175209],[-74.718645,39.1175074],[-74.7186614,39.1174949],[-74.7187127,39.1174581],[-74.7187639,39.117423],[-74.718815,39.1173895],[-74.718866,39.1173576],[-74.7189169,39.1173273],[-74.7189677,39.1172986],[-74.7190185,39.1172716],[-74.7190692,39.1172461],[-74.7191021,39.1172312],[-74.7191635,39.1172058],[-74.7191871,39.1171957],[-74.7192104,39.1171848],[-74.7192304,39.1171741],[-74.7192419,39.1171672],[-74.7192532,39.1171597],[-74.7192641,39.1171515],[-74.7192748,39.1171427],[-74.7192853,39.1171332],[-74.7192956,39.117123],[-74.7193059,39.1171121],[-74.719316,39.1171002],[-74.7193325,39.1170793],[-74.7193497,39.117055],[-74.7193655,39.1170312],[-74.7194023,39.1169736],[-74.7194217,39.1169452],[-74.7194413,39.1169191],[-74.7194509,39.1169075],[-74.7194604,39.1168968],[-74.7194705,39.1168863],[-74.7194806,39.1168767],[-74.719491,39.1168677],[-74.7195016,39.1168593],[-74.7195124,39.1168516],[-74.7195234,39.1168446],[-74.7195348,39.1168381],[-74.7195465,39.1168322],[-74.7195634,39.1168251],[-74.7195833,39.1168181],[-74.7196029,39.1168122],[-74.7196497,39.1167991],[-74.7196721,39.116792],[-74.7196918,39.1167846],[-74.7197086,39.1167767],[-74.7197242,39.1167679],[-74.7197398,39.1167577],[-74.7197555,39.1167462],[-74.7197715,39.1167331],[-74.7197846,39.1167215],[-74.7197988,39.1167082],[-74.7198489,39.1166585],[-74.7198697,39.1166387],[-74.7198902,39.116619],[-74.7199105,39.1165976],[-74.7199308,39.1165742],[-74.7199514,39.1165486],[-74.7199695,39.1165245],[-74.719989,39.1164973],[-74.7200554,39.1163998],[-74.7200825,39.1163615],[-74.7200973,39.1163415],[-74.7201116,39.1163232],[-74.7201256,39.1163061],[-74.7201395,39.1162901],[-74.7201565,39.1162718],[-74.7201737,39.1162547],[-74.720191,39.1162389],[-74.7202086,39.1162242],[-74.7202267,39.1162106],[-74.7202451,39.1161979],[-74.7202641,39.1161863],[-74.7202835,39.1161757],[-74.7203102,39.1161625],[-74.7203397,39.1161491],[-74.7203725,39.1161353],[-74.7204104,39.1161203],[-74.720428,39.1161138],[-74.7204464,39.1161079],[-74.7204657,39.1161025],[-74.7204857,39.1160975],[-74.7205066,39.1160931],[-74.7205286,39.1160891],[-74.7205516,39.1160855],[-74.7205758,39.1160823],[-74.7206181,39.116078],[-74.7206659,39.1160744],[-74.7207122,39.1160719],[-74.7208234,39.116067],[-74.7208793,39.1160635],[-74.7209068,39.1160613],[-74.7209324,39.1160586],[-74.7209563,39.1160557],[-74.7209789,39.1160523],[-74.7210025,39.1160481],[-74.7210247,39.1160434],[-74.7210458,39.1160381],[-74.7210658,39.1160322],[-74.7210849,39.1160257],[-74.7211029,39.1160185],[-74.72112,39.1160107],[-74.7211363,39.1160023],[-74.7211532,39.1159925],[-74.72117,39.1159818],[-74.7211866,39.1159703],[-74.7212033,39.1159578],[-74.7212199,39.1159445],[-74.7212366,39.1159302],[-74.7212534,39.1159148],[-74.7212705,39.1158983],[-74.7213003,39.1158675],[-74.7213323,39.1158318],[-74.721362,39.115797],[-74.721428,39.1157178],[-74.7214586,39.1156824],[-74.7214865,39.1156495],[-74.7215162,39.1156121],[-74.7215434,39.1155759],[-74.7216062,39.1154906],[-74.7216378,39.1154493],[-74.721668,39.1154121],[-74.7216971,39.1153793],[-74.7217246,39.1153506],[-74.7217546,39.1153215],[-74.7217874,39.1152917],[-74.7218234,39.1152606],[-74.721858,39.1152322],[-74.721897,39.1152011],[-74.7220418,39.1150896],[-74.7221003,39.1150435],[-74.722131,39.1150183],[-74.7221591,39.1149944],[-74.7221852,39.1149713],[-74.7222095,39.1149488],[-74.7222281,39.1149308],[-74.722247,39.1149117],[-74.7222664,39.1148913],[-74.7222867,39.1148691],[-74.7223243,39.1148264],[-74.7224186,39.1147164],[-74.7224465,39.1146852],[-74.7224722,39.1146576],[-74.7225019,39.1146274],[-74.7225307,39.1146],[-74.7225594,39.1145749],[-74.7225881,39.1145518],[-74.7226371,39.1145146],[-74.7226807,39.1144828],[-74.7227218,39.1144543],[-74.7227612,39.1144286],[-74.7227999,39.1144051],[-74.7228378,39.1143837],[-74.7228751,39.1143645],[-74.7229121,39.1143473],[-74.722937,39.114337],[-74.7229651,39.1143267],[-74.7229959,39.1143165],[-74.7230853,39.1142884],[-74.7231127,39.1142788],[-74.7231368,39.1142695],[-74.7231633,39.114259],[-74.7232287,39.1142342],[-74.7232584,39.1142225],[-74.7232891,39.1142095],[-74.7233156,39.1141971],[-74.7233296,39.1141899],[-74.7233426,39.1141827],[-74.7233548,39.1141754],[-74.7233662,39.114168],[-74.7233769,39.1141604],[-74.7233868,39.1141527],[-74.723396,39.1141448],[-74.7234046,39.1141367],[-74.7234116,39.1141291],[-74.7234187,39.1141202],[-74.7234394,39.1140905],[-74.7234467,39.1140807],[-74.7234538,39.1140722],[-74.7234609,39.114065],[-74.7234771,39.1140512],[-74.7234956,39.1140379],[-74.7235163,39.1140251],[-74.7235393,39.1140128],[-74.7235644,39.1140012],[-74.7235915,39.1139902],[-74.7236202,39.1139801],[-74.7236502,39.1139709],[-74.7236669,39.113967],[-74.723685,39.1139644],[-74.7237047,39.113963],[-74.7237262,39.1139629],[-74.7237453,39.1139638],[-74.723767,39.1139654],[-74.7238381,39.1139731],[-74.7238635,39.1139754],[-74.7238876,39.1139768],[-74.723909,39.113977],[-74.7239295,39.1139759],[-74.7239483,39.1139734],[-74.7239656,39.1139695],[-74.7239737,39.1139671],[-74.7239815,39.1139643],[-74.7239937,39.1139589],[-74.7240067,39.1139519],[-74.7240206,39.1139434],[-74.7240613,39.113917],[-74.7240747,39.1139094],[-74.7240872,39.1139034],[-74.724103,39.1138972],[-74.72412,39.1138915],[-74.7241386,39.1138865],[-74.7241589,39.1138819],[-74.7241769,39.1138785],[-74.7241973,39.1138752],[-74.7242649,39.1138657],[-74.7242895,39.1138619],[-74.724313,39.1138576],[-74.7243338,39.1138531],[-74.7245311,39.1138072],[-74.7245815,39.113795],[-74.7246264,39.1137836],[-74.7246742,39.1137706],[-74.7247184,39.1137578],[-74.7247596,39.1137448],[-74.7247983,39.1137316],[-74.7248377,39.1137169],[-74.7248747,39.1137018],[-74.7249093,39.1136861],[-74.7249418,39.1136698],[-74.7249722,39.1136528],[-74.7250007,39.1136352],[-74.7250272,39.1136168],[-74.7250517,39.1135977],[-74.7250638,39.113587],[-74.7250756,39.1135751],[-74.7250872,39.1135618],[-74.7250988,39.1135469],[-74.7251086,39.1135333],[-74.725119,39.1135178],[-74.7251526,39.1134646],[-74.7251656,39.1134449],[-74.7251791,39.1134258],[-74.7251921,39.1134093],[-74.7252071,39.1133927],[-74.7252224,39.1133783],[-74.7252383,39.1133658],[-74.7252466,39.1133603],[-74.725255,39.1133551],[-74.7252711,39.1133466],[-74.7252888,39.1133384],[-74.7253083,39.1133304],[-74.7253299,39.1133226],[-74.7253505,39.1133159],[-74.725374,39.1133089],[-74.7254665,39.113283],[-74.725482,39.1132788],[-74.7254986,39.1132749],[-74.7255165,39.1132713],[-74.725536,39.1132679],[-74.7255749,39.1132624],[-74.725649,39.1132535],[-74.7256782,39.1132497],[-74.7257078,39.1132451],[-74.7257334,39.1132401],[-74.7257479,39.1132367],[-74.7257614,39.1132331],[-74.725774,39.1132292],[-74.7257858,39.1132249],[-74.7257969,39.1132204],[-74.7258072,39.1132155],[-74.7258169,39.1132103],[-74.7258259,39.1132047],[-74.7258332,39.1131994],[-74.7258401,39.1131936],[-74.7258467,39.1131871],[-74.7258528,39.1131801],[-74.7258586,39.1131725],[-74.7258641,39.1131642],[-74.7258693,39.1131553],[-74.7258742,39.1131456],[-74.7258816,39.1131284],[-74.7258887,39.1131084],[-74.7258949,39.1130888],[-74.7259088,39.1130408],[-74.7259167,39.1130168],[-74.7259252,39.1129951],[-74.7259344,39.1129763],[-74.7259441,39.1129605],[-74.7259548,39.1129466],[-74.7259606,39.1129403],[-74.7259667,39.1129344],[-74.7259731,39.112929],[-74.7259798,39.1129239],[-74.7259899,39.1129172],[-74.7260008,39.1129105],[-74.7260258,39.1128967],[-74.7260549,39.1128827],[-74.7260987,39.112863],[-74.7261298,39.1128495],[-74.7261543,39.1128394],[-74.7261766,39.1128311],[-74.7261974,39.1128242],[-74.7262162,39.1128191],[-74.7262364,39.1128151],[-74.7262579,39.112812],[-74.7262813,39.1128099],[-74.7263034,39.1128087],[-74.7263282,39.1128081],[-74.7264197,39.1128087],[-74.726457,39.1128081],[-74.7264768,39.1128071],[-74.7264952,39.1128056],[-74.7265124,39.1128036],[-74.7265287,39.1128011],[-74.7265575,39.1127954],[-74.7265874,39.1127886],[-74.7266184,39.1127807],[-74.7266513,39.1127714],[-74.7266836,39.1127616],[-74.7267193,39.1127501],[-74.7268316,39.112712],[-74.7268892,39.1126923],[-74.7269401,39.1126743],[-74.726987,39.1126571],[-74.7270306,39.1126403],[-74.7270721,39.1126236],[-74.7271113,39.1126069],[-74.7271486,39.1125902],[-74.727184,39.1125734],[-74.7272157,39.1125574],[-74.7272474,39.1125406],[-74.7272792,39.1125228],[-74.7273111,39.1125041],[-74.7273432,39.1124844],[-74.7273755,39.1124638],[-74.727408,39.1124421],[-74.7274408,39.1124193],[-74.7274736,39.1123957],[-74.727507,39.1123709],[-74.727541,39.1123449],[-74.7275759,39.1123173],[-74.7276117,39.1122884],[-74.727649,39.1122574],[-74.7277317,39.1121867],[-74.7277561,39.1121662],[-74.7278204,39.1121142],[-74.7278383,39.1120989],[-74.7278537,39.1120849],[-74.7278705,39.1120683],[-74.727885,39.1120524],[-74.7278974,39.1120367],[-74.7279078,39.1120212],[-74.7279164,39.112006],[-74.727924,39.1119894],[-74.7279308,39.1119715],[-74.7279368,39.1119519],[-74.7279414,39.1119343],[-74.7279457,39.1119145],[-74.7279581,39.1118477],[-74.7279631,39.1118232],[-74.7279666,39.1118053],[-74.7279694,39.1117863],[-74.7279714,39.1117662],[-74.7279727,39.1117446],[-74.7279735,39.1117024],[-74.7279722,39.1116237],[-74.7279722,39.1115925],[-74.7279733,39.1115607],[-74.7279757,39.1115325],[-74.7279779,39.1115164],[-74.7279806,39.1115012],[-74.7279839,39.1114866],[-74.7279878,39.1114726],[-74.7279923,39.1114591],[-74.7279973,39.1114462],[-74.728003,39.1114338],[-74.7280094,39.1114218],[-74.728022,39.1114014],[-74.7280371,39.1113807],[-74.7280548,39.1113593],[-74.7280753,39.1113369],[-74.7280939,39.1113182],[-74.7281155,39.1112977],[-74.7281956,39.1112251],[-74.7282269,39.1111957],[-74.7282581,39.1111663],[-74.7282922,39.1111364],[-74.7283293,39.1111057],[-74.7283702,39.1110737],[-74.7284073,39.1110458],[-74.7284493,39.1110152],[-74.7285939,39.1109127],[-74.7286486,39.1108732],[-74.7287025,39.1108328],[-74.7287496,39.1107955],[-74.7287749,39.1107744],[-74.7287987,39.1107537],[-74.7288211,39.1107332],[-74.7288422,39.110713],[-74.7288622,39.1106929],[-74.728881,39.1106728],[-74.7288987,39.1106527],[-74.7289154,39.1106326],[-74.728935,39.1106067],[-74.7289553,39.1105769],[-74.7289736,39.1105479],[-74.7290159,39.1104782],[-74.7290382,39.1104438],[-74.7290496,39.1104274],[-74.7290609,39.1104123],[-74.7290721,39.1103981],[-74.7290834,39.1103847],[-74.7290985,39.110368],[-74.729115,39.110351],[-74.7291329,39.1103333],[-74.7291527,39.1103147],[-74.7291897,39.1102815],[-74.7292868,39.1101971],[-74.7293619,39.1101292],[-74.7295327,39.1099725],[-74.7296123,39.1099009],[-74.7296604,39.1098588],[-74.729706,39.1098201],[-74.7297497,39.1097839],[-74.7297922,39.1097499],[-74.7298393,39.1097136],[-74.7298856,39.1096795],[-74.7299313,39.1096474],[-74.7299767,39.1096171],[-74.7300219,39.1095885],[-74.730067,39.1095616],[-74.7301122,39.1095363],[-74.7301575,39.1095125],[-74.7303716,39.1094059],[-74.7304321,39.1094228],[-74.7304551,39.1094286],[-74.7304762,39.1094336],[-74.7304966,39.1094379],[-74.7305157,39.1094413],[-74.7305338,39.109444],[-74.7305509,39.109446],[-74.7305827,39.1094485],[-74.7306144,39.10945],[-74.7306457,39.1094507],[-74.7306765,39.1094505],[-74.7307064,39.1094493],[-74.7307355,39.1094472],[-74.7307635,39.1094442],[-74.7307904,39.1094404],[-74.7308181,39.1094353],[-74.7308462,39.1094291],[-74.7308744,39.1094217],[-74.7309025,39.1094134],[-74.7309305,39.1094041],[-74.730958,39.1093938],[-74.7309849,39.1093827],[-74.731011,39.1093708],[-74.7310395,39.1093566],[-74.731067,39.1093414],[-74.7310934,39.1093256],[-74.7311183,39.1093091],[-74.7311415,39.1092922],[-74.7311631,39.109275],[-74.7311828,39.1092574],[-74.7312006,39.1092396],[-74.7312173,39.1092209],[-74.731233,39.1092013],[-74.7312476,39.1091808],[-74.731261,39.1091599],[-74.731273,39.1091385],[-74.7312835,39.1091171],[-74.7312924,39.1090957],[-74.7312996,39.1090746],[-74.7313059,39.1090511],[-74.7313105,39.1090269],[-74.7313135,39.109002],[-74.7313147,39.108977],[-74.7313143,39.108952],[-74.7313122,39.1089273],[-74.7313085,39.1089033],[-74.7313031,39.1088801],[-74.731296,39.1088573],[-74.7312873,39.1088348],[-74.7312769,39.1088125],[-74.7312648,39.1087906],[-74.7312512,39.1087689],[-74.7312358,39.1087474],[-74.7312188,39.1087263],[-74.7312002,39.1087054],[-74.7295911,39.1071215],[-74.7295337,39.107065],[-74.7283856,39.1059353],[-74.7283216,39.1058621],[-74.7282713,39.1057887],[-74.7282435,39.1057377],[-74.7282046,39.1056377],[-74.7281599,39.1055534],[-74.7281371,39.1054991],[-74.7281242,39.1054577],[-74.728115,39.1054158],[-74.7281095,39.1053734],[-74.7281077,39.1053309],[-74.7281104,39.10528],[-74.7281184,39.1052296],[-74.7281316,39.1051798],[-74.72815,39.1051309],[-74.7281734,39.1050835],[-74.7282017,39.1050376],[-74.7282347,39.1049937],[-74.7282722,39.1049521],[-74.7283194,39.1049082],[-74.7283716,39.1048678],[-74.7284284,39.1048314],[-74.7284891,39.1047991],[-74.7285534,39.1047714],[-74.7286207,39.1047483],[-74.7286904,39.1047301],[-74.728762,39.1047169],[-74.7289644,39.1046974],[-74.7306602,39.1045479],[-74.7321606,39.1043832],[-74.7323065,39.104365],[-74.7324538,39.1043449],[-74.7326023,39.104323],[-74.7327521,39.1042992],[-74.7329033,39.1042736],[-74.733056,39.104246],[-74.7332102,39.1042166],[-74.733366,39.1041852],[-74.7335234,39.104152],[-74.7336825,39.1041168],[-74.7338436,39.1040796],[-74.7340066,39.1040404],[-74.7341718,39.1039992],[-74.7343393,39.1039559],[-74.7345094,39.1039105],[-74.7346823,39.1038629],[-74.7347756,39.1038365],[-74.734876,39.1038074],[-74.734986,39.1037748],[-74.7351192,39.1037349],[-74.7352032,39.1037087],[-74.7352901,39.1036799],[-74.7353808,39.1036482],[-74.7354769,39.103613],[-74.7355655,39.1035793],[-74.7356636,39.1035411],[-74.735761,39.1035024],[-74.7360164,39.1033999],[-74.7361602,39.1033434],[-74.7362376,39.1033139],[-74.7363102,39.103287],[-74.7363795,39.1032621],[-74.7364461,39.1032391],[-74.7365257,39.1032127],[-74.7366028,39.1031886],[-74.7366779,39.1031666],[-74.7367513,39.1031466],[-74.7368235,39.1031284],[-74.7368945,39.1031121],[-74.7369645,39.1030976],[-74.7370338,39.1030849],[-74.7370959,39.1030745],[-74.7371558,39.1030649],[-74.737214,39.103056],[-74.7372706,39.103048],[-74.7373259,39.1030406],[-74.73738,39.103034],[-74.7374329,39.103028],[-74.7374848,39.1030228],[-74.7375748,39.1030149],[-74.737668,39.1030085],[-74.7377647,39.1030033],[-74.7378653,39.1029994],[-74.7379153,39.1029986],[-74.7379677,39.1029992],[-74.738023,39.1030014],[-74.7380821,39.103005],[-74.7381343,39.1030091],[-74.7381924,39.1030145],[-74.7383877,39.1030349],[-74.7384613,39.103042],[-74.7385347,39.103048],[-74.7386007,39.1030519],[-74.7386367,39.1030533],[-74.7386714,39.103054],[-74.7387049,39.1030541],[-74.7387374,39.1030536],[-74.7387692,39.1030525],[-74.7388001,39.1030507],[-74.7388304,39.1030483],[-74.73886,39.1030452],[-74.7389004,39.1030402],[-74.7389417,39.1030345],[-74.738984,39.103028],[-74.7390272,39.1030207],[-74.7390715,39.1030126],[-74.739117,39.1030037],[-74.7391639,39.102994],[-74.7392123,39.1029835],[-74.739308,39.1029613],[-74.739349,39.1029511],[-74.739387,39.1029411],[-74.7394234,39.102931],[-74.7394579,39.1029208],[-74.7394908,39.1029105],[-74.7395222,39.1028999],[-74.7395575,39.1028872],[-74.7395935,39.1028732],[-74.7396305,39.102858],[-74.7396688,39.1028414],[-74.7397083,39.1028234],[-74.73975,39.1028036],[-74.739795,39.1027816],[-74.7398463,39.1027558],[-74.7399315,39.1027123],[-74.7399889,39.1026826],[-74.740041,39.102655],[-74.740088,39.1026293],[-74.7401332,39.1026037],[-74.740175,39.1025788],[-74.7402141,39.1025546],[-74.7402506,39.1025307],[-74.7402861,39.1025062],[-74.7403192,39.1024818],[-74.7403499,39.1024575],[-74.7403785,39.1024333],[-74.7404049,39.102409],[-74.7404291,39.1023847],[-74.7404513,39.1023603],[-74.7404714,39.1023358],[-74.7404858,39.102316],[-74.7404992,39.1022952],[-74.7405114,39.1022733],[-74.7405226,39.1022504],[-74.7405328,39.1022263],[-74.740542,39.102201],[-74.7405503,39.1021743],[-74.7405577,39.1021461],[-74.7405631,39.1021218],[-74.7405681,39.1020961],[-74.7405726,39.1020687],[-74.7405767,39.1020392],[-74.7405832,39.1019831],[-74.7405973,39.1018397],[-74.7406023,39.101799],[-74.7406076,39.1017627],[-74.7406148,39.1017233],[-74.7406231,39.1016869],[-74.7406325,39.1016528],[-74.7406433,39.1016208],[-74.7406689,39.1015525],[-74.7406931,39.101492],[-74.7407169,39.1014361],[-74.7407408,39.101384],[-74.7407513,39.1013627],[-74.740763,39.1013407],[-74.740776,39.1013176],[-74.7407904,39.1012931],[-74.7408181,39.1012485],[-74.7408837,39.1011464],[-74.7409134,39.1010977],[-74.740926,39.1010757],[-74.7409374,39.1010548],[-74.7409477,39.1010346],[-74.7409571,39.101015],[-74.7409674,39.1009937],[-74.7409956,39.1009382],[-74.7410033,39.1009218],[-74.7410097,39.100907],[-74.7410162,39.1008901],[-74.7410213,39.1008741],[-74.741025,39.100859],[-74.7410274,39.1008444],[-74.7410295,39.1008185],[-74.7410296,39.100792],[-74.7410277,39.1007653],[-74.7410238,39.100739],[-74.741018,39.1007137],[-74.7410104,39.1006897],[-74.741006,39.1006782],[-74.7410011,39.1006673],[-74.7409959,39.1006567],[-74.7409902,39.1006467],[-74.7409832,39.1006358],[-74.740975,39.100625],[-74.7409657,39.1006143],[-74.7409552,39.1006038],[-74.7409436,39.1005933],[-74.7409308,39.1005828],[-74.7409168,39.1005723],[-74.7409014,39.1005618],[-74.7408865,39.1005523],[-74.7408704,39.1005426],[-74.7408338,39.1005223],[-74.7408001,39.100505],[-74.7407294,39.1004702],[-74.7407002,39.1004554],[-74.7406818,39.1004461],[-74.7406627,39.1004371],[-74.7406428,39.1004283],[-74.7406221,39.1004197],[-74.7406007,39.1004112],[-74.7405782,39.1004029],[-74.7405301,39.1003864],[-74.7404873,39.1003731],[-74.7404391,39.100359],[-74.7402785,39.1003155],[-74.7402201,39.1002991],[-74.7401639,39.100282],[-74.7401141,39.1002652],[-74.7399469,39.1002054],[-74.7398244,39.1001606],[-74.7397143,39.100119],[-74.7396146,39.1000796],[-74.7395658,39.1000596],[-74.7395189,39.1000399],[-74.7394734,39.1000202],[-74.7394294,39.1000007],[-74.7393867,39.0999811],[-74.7393452,39.0999615],[-74.7393048,39.0999418],[-74.7392655,39.0999221],[-74.7392062,39.0998913],[-74.7391473,39.0998597],[-74.7390889,39.0998273],[-74.7390309,39.0997941],[-74.7389735,39.0997602],[-74.7389168,39.0997256],[-74.7388607,39.0996903],[-74.7388054,39.0996545],[-74.7387656,39.099628],[-74.7387262,39.0996012],[-74.7386873,39.0995742],[-74.7386489,39.099547],[-74.7386111,39.0995196],[-74.7385737,39.0994919],[-74.7385369,39.0994641],[-74.7385006,39.099436],[-74.7384649,39.0994078],[-74.7384297,39.0993794],[-74.7383952,39.0993509],[-74.7383612,39.0993221],[-74.7383278,39.0992933],[-74.7382951,39.0992643],[-74.738263,39.0992352],[-74.7382315,39.0992059],[-74.7381399,39.0991197],[-74.7380799,39.0990617],[-74.7380267,39.0990079],[-74.7380027,39.0989827],[-74.7379801,39.0989582],[-74.7379578,39.0989331],[-74.7379368,39.0989085],[-74.737917,39.0988844],[-74.7378984,39.0988606],[-74.7378809,39.0988371],[-74.7378644,39.0988138],[-74.737849,39.0987907],[-74.7378346,39.0987677],[-74.7377949,39.0987015],[-74.7377811,39.0986768],[-74.7377692,39.0986541],[-74.7377584,39.0986318],[-74.7377492,39.0986105],[-74.7377414,39.0985901],[-74.7377349,39.0985703],[-74.7377233,39.0985304],[-74.7377158,39.0985013],[-74.7377103,39.0984749],[-74.7377069,39.0984509],[-74.7377052,39.0984278],[-74.7377057,39.0984063],[-74.7377081,39.098386],[-74.7377101,39.0983764],[-74.7377126,39.098367],[-74.7377191,39.0983492],[-74.7377282,39.0983296],[-74.7377396,39.098309],[-74.737761,39.0982734],[-74.7377794,39.0982439],[-74.7377996,39.0982143],[-74.7378216,39.0981846],[-74.7378454,39.0981549],[-74.737871,39.0981252],[-74.7378983,39.0980955],[-74.7379274,39.0980659],[-74.7379581,39.0980363],[-74.7379771,39.098019],[-74.737997,39.0980015],[-74.7380181,39.0979839],[-74.7380401,39.0979662],[-74.7380633,39.0979483],[-74.7380877,39.0979301],[-74.7381133,39.0979117],[-74.7381403,39.0978928],[-74.7381659,39.0978758],[-74.7381935,39.0978589],[-74.7382234,39.0978418],[-74.738256,39.0978244],[-74.7382861,39.0978091],[-74.7383199,39.0977926],[-74.7384402,39.0977361],[-74.7384876,39.0977132],[-74.7385352,39.0976889],[-74.7385769,39.0976658],[-74.7386046,39.0976509],[-74.7386381,39.0976348],[-74.7386715,39.0976199],[-74.7387535,39.0975846],[-74.7387933,39.0975664],[-74.7388116,39.0975574],[-74.7388282,39.0975488],[-74.7388433,39.0975403],[-74.7388571,39.0975319],[-74.7388738,39.0975207],[-74.7388884,39.0975095],[-74.7389009,39.0974983],[-74.7389116,39.0974869],[-74.7389203,39.0974753],[-74.7389271,39.0974635],[-74.7389321,39.0974515],[-74.7389352,39.0974392],[-74.7389362,39.0974309],[-74.7389363,39.097422],[-74.7389355,39.0974124],[-74.7389338,39.097402],[-74.7389287,39.0973813],[-74.7389159,39.0973405],[-74.7389112,39.0973236],[-74.7389076,39.0973063],[-74.738906,39.0972909],[-74.7389059,39.0972639],[-74.7389078,39.0972341],[-74.7389117,39.0972012],[-74.7389191,39.0971534],[-74.7389222,39.0971358],[-74.7389261,39.0971179],[-74.7389307,39.0970998],[-74.7389361,39.0970813],[-74.7389422,39.0970625],[-74.7389492,39.0970432],[-74.7389569,39.0970235],[-74.7389655,39.0970031],[-74.7389826,39.0969662],[-74.7390031,39.0969255],[-74.7390246,39.096885],[-74.7390829,39.0967786],[-74.7390995,39.0967469],[-74.7391138,39.0967184],[-74.739129,39.0966858],[-74.739142,39.0966551],[-74.7391532,39.0966258],[-74.7391625,39.0965975],[-74.7391769,39.0965492],[-74.7391896,39.096504],[-74.7392008,39.096461],[-74.7392108,39.0964198],[-74.7392196,39.0963799],[-74.7392271,39.0963414],[-74.7392336,39.0963039],[-74.7392388,39.0962674],[-74.7392418,39.09624],[-74.7392436,39.0962115],[-74.7392442,39.0961816],[-74.7392438,39.0961499],[-74.7392421,39.0961154],[-74.7392393,39.0960773],[-74.7392354,39.0960367],[-74.7392232,39.0959214],[-74.7392201,39.0958855],[-74.739218,39.0958534],[-74.7392168,39.0958164],[-74.7392169,39.0957818],[-74.7392185,39.0957491],[-74.7392215,39.0957179],[-74.7392243,39.0956883],[-74.7392287,39.0956123],[-74.7392309,39.0955912],[-74.7392338,39.0955724],[-74.7392387,39.095551],[-74.7392451,39.0955317],[-74.7392489,39.0955227],[-74.739253,39.0955141],[-74.7392576,39.0955058],[-74.7392627,39.0954979],[-74.7392732,39.0954834],[-74.739285,39.095469],[-74.7392981,39.0954547],[-74.7393121,39.0954409],[-74.739327,39.0954276],[-74.7393424,39.0954152],[-74.7393583,39.0954036],[-74.7393745,39.0953931],[-74.7393914,39.0953836],[-74.7394101,39.0953747],[-74.7394307,39.0953662],[-74.7394534,39.0953583],[-74.7394776,39.0953509],[-74.7395047,39.0953436],[-74.7395349,39.0953363],[-74.7395788,39.0953264],[-74.7396118,39.0953196],[-74.7396463,39.0953136],[-74.7396823,39.0953083],[-74.7397196,39.0953039],[-74.7397346,39.0953028],[-74.7397508,39.0953024],[-74.7397683,39.0953028],[-74.7397873,39.095304],[-74.7398249,39.095308],[-74.7398933,39.0953172],[-74.7399191,39.0953204],[-74.7399447,39.0953227],[-74.7399668,39.0953236],[-74.7399791,39.0953236],[-74.7399905,39.095323],[-74.7400012,39.0953218],[-74.7400111,39.0953202],[-74.7400202,39.095318],[-74.7400287,39.0953153],[-74.7400366,39.095312],[-74.7400438,39.0953082],[-74.7400493,39.0953046],[-74.7400546,39.0953005],[-74.7400595,39.0952959],[-74.7400642,39.0952909],[-74.7400686,39.0952853],[-74.7400727,39.0952791],[-74.7400804,39.0952651],[-74.7400863,39.0952515],[-74.7400919,39.0952355],[-74.7401097,39.0951735],[-74.7401182,39.0951483],[-74.7401234,39.0951356],[-74.740129,39.0951241],[-74.7401349,39.0951138],[-74.7401413,39.0951045],[-74.7401533,39.0950893],[-74.7401661,39.0950741],[-74.7401798,39.0950588],[-74.7401945,39.0950436],[-74.7402099,39.0950283],[-74.7402262,39.0950132],[-74.7402433,39.0949981],[-74.7402611,39.0949831],[-74.7402851,39.0949645],[-74.7403132,39.0949449],[-74.7403437,39.094925],[-74.740401,39.0948892],[-74.7404337,39.0948689],[-74.740467,39.0948489],[-74.740501,39.0948291],[-74.7405357,39.0948096],[-74.7405709,39.0947903],[-74.7406068,39.0947712],[-74.7406434,39.0947524],[-74.7406805,39.0947339],[-74.7407183,39.0947157],[-74.7407567,39.0946977],[-74.7407956,39.09468],[-74.7408351,39.0946625],[-74.7408752,39.0946454],[-74.7409159,39.0946286],[-74.7409571,39.094612],[-74.7409988,39.0945957],[-74.7411139,39.094551],[-74.741147,39.0945387],[-74.741177,39.0945282],[-74.7412084,39.094518],[-74.7412382,39.0945093],[-74.7412669,39.0945019],[-74.7412947,39.0944957],[-74.7413346,39.0944882],[-74.7413752,39.0944819],[-74.7414161,39.0944769],[-74.7414567,39.0944731],[-74.7414891,39.0944712],[-74.7415222,39.0944701],[-74.7415559,39.0944699],[-74.7415901,39.0944707],[-74.7416247,39.0944723],[-74.7416597,39.0944749],[-74.741695,39.0944784],[-74.7417305,39.0944828],[-74.7417661,39.0944881],[-74.7418016,39.0944942],[-74.741837,39.0945012],[-74.7418722,39.0945091],[-74.7419069,39.0945177],[-74.7419411,39.0945271],[-74.7419746,39.0945372],[-74.7420073,39.094548],[-74.7420304,39.0945564],[-74.7420535,39.0945658],[-74.7420768,39.094576],[-74.7421003,39.0945872],[-74.7421239,39.0945993],[-74.742148,39.0946125],[-74.7421724,39.0946268],[-74.7421974,39.0946422],[-74.7422198,39.0946566],[-74.742243,39.0946721],[-74.7422927,39.0947072],[-74.7423326,39.0947366],[-74.7424301,39.0948102],[-74.7424745,39.094843],[-74.7424996,39.0948619],[-74.7425248,39.0948824],[-74.7425506,39.0949046],[-74.7425774,39.094929],[-74.7426009,39.0949514],[-74.7426266,39.0949768],[-74.7427138,39.0950656],[-74.7427482,39.0950999],[-74.7427841,39.0951342],[-74.7428175,39.0951639],[-74.742837,39.0951803],[-74.7428562,39.0951956],[-74.7428752,39.09521],[-74.7428942,39.0952235],[-74.7429132,39.0952362],[-74.7429323,39.0952482],[-74.7429515,39.0952594],[-74.7429708,39.0952699],[-74.7430312,39.0953018],[-74.7430645,39.0953181],[-74.7430811,39.0953254],[-74.7430967,39.0953315],[-74.7431116,39.0953366],[-74.743126,39.0953408],[-74.7431423,39.0953445],[-74.7431593,39.0953472],[-74.7431768,39.0953489],[-74.743195,39.0953496],[-74.7432139,39.0953494],[-74.7432337,39.0953481],[-74.7432543,39.0953459],[-74.7432759,39.0953427],[-74.7432935,39.0953395],[-74.7433119,39.0953357],[-74.7433521,39.095326],[-74.7433932,39.0953146],[-74.7435022,39.0952828],[-74.7435343,39.0952744],[-74.7435628,39.0952677],[-74.7436004,39.0952587],[-74.7436417,39.0952472],[-74.7436823,39.0952348],[-74.7437873,39.0952011],[-74.7438182,39.0951919],[-74.7438462,39.0951841],[-74.7438779,39.0951763],[-74.7439078,39.09517],[-74.7439366,39.0951652],[-74.7439644,39.0951618],[-74.7440071,39.0951583],[-74.7440509,39.095156],[-74.7440955,39.0951552],[-74.7441405,39.0951556],[-74.744189,39.0951571],[-74.7442235,39.095159],[-74.7442542,39.095162],[-74.7442815,39.0951661],[-74.7443027,39.0951708],[-74.7443242,39.0951773],[-74.7443462,39.0951857],[-74.744369,39.0951961],[-74.7443888,39.0952063],[-74.7444105,39.0952185],[-74.7444841,39.0952634],[-74.7445132,39.0952802],[-74.7445287,39.0952884],[-74.7445434,39.0952957],[-74.7445576,39.0953022],[-74.7445715,39.0953079],[-74.7446001,39.0953186],[-74.7446296,39.0953289],[-74.74466,39.0953389],[-74.7446914,39.0953484],[-74.7447238,39.0953577],[-74.7447572,39.0953665],[-74.7447918,39.0953751],[-74.7448275,39.0953833],[-74.744864,39.0953912],[-74.7449018,39.0953988],[-74.7449413,39.0954062],[-74.7449827,39.0954134],[-74.745072,39.0954277],[-74.7451786,39.095443],[-74.7452834,39.0954571],[-74.7453625,39.0954668],[-74.7454343,39.0954741],[-74.7455001,39.0954793],[-74.7455324,39.0954812],[-74.7455637,39.0954825],[-74.7455942,39.0954833],[-74.7456239,39.0954836],[-74.7456529,39.0954834],[-74.7456812,39.0954826],[-74.7457089,39.0954813],[-74.7457361,39.0954794],[-74.7457827,39.0954757],[-74.7458172,39.0954725],[-74.7458483,39.0954692],[-74.7458766,39.0954655],[-74.7459037,39.0954613],[-74.7459291,39.0954566],[-74.7459531,39.0954514],[-74.7459757,39.0954456],[-74.7460039,39.0954375],[-74.7460292,39.0954296],[-74.7460524,39.0954217],[-74.7460737,39.0954137],[-74.7460937,39.0954054],[-74.7461121,39.0953969],[-74.7461291,39.0953881],[-74.7461447,39.095379],[-74.7461596,39.095369],[-74.7461743,39.0953578],[-74.746189,39.0953452],[-74.7462039,39.0953311],[-74.7462181,39.0953164],[-74.7462332,39.0952995],[-74.7462776,39.0952465],[-74.7462966,39.0952234],[-74.7463133,39.0952023],[-74.7463283,39.0951824],[-74.7463417,39.0951633],[-74.7463539,39.0951448],[-74.7463649,39.0951269],[-74.7463746,39.0951094],[-74.7463831,39.0950923],[-74.7463922,39.0950709],[-74.7464,39.0950481],[-74.7464066,39.0950236],[-74.7464122,39.0949971],[-74.7464163,39.0949721],[-74.7464198,39.094944],[-74.7464304,39.0948338],[-74.7464357,39.0947811],[-74.7464393,39.0947278],[-74.7464414,39.0946739],[-74.7464419,39.0946195],[-74.7464409,39.0945646],[-74.7464382,39.0945093],[-74.746434,39.0944536],[-74.7464282,39.0943976],[-74.7464209,39.0943413],[-74.746412,39.0942847],[-74.7464015,39.094228],[-74.7463895,39.0941711],[-74.746376,39.0941142],[-74.7463609,39.0940573],[-74.7463444,39.0940005],[-74.7463264,39.0939439],[-74.7463002,39.0938669],[-74.7462891,39.0938361],[-74.7462783,39.0938079],[-74.7462673,39.0937809],[-74.7462563,39.0937554],[-74.7462451,39.0937311],[-74.7462336,39.0937079],[-74.7462085,39.0936607],[-74.7461839,39.0936182],[-74.7461591,39.0935793],[-74.7461466,39.093561],[-74.7461339,39.0935434],[-74.7461236,39.0935301],[-74.7461122,39.0935166],[-74.7460996,39.0935028],[-74.7460857,39.0934886],[-74.7460699,39.0934733],[-74.7460518,39.0934567],[-74.7459754,39.0933899],[-74.7459431,39.0933602],[-74.7459263,39.0933436],[-74.7459114,39.0933277],[-74.745898,39.0933122],[-74.7458861,39.093297],[-74.7458717,39.0932771],[-74.7458574,39.0932562],[-74.7458433,39.0932343],[-74.7458293,39.0932113],[-74.7458154,39.0931872],[-74.7458014,39.0931617],[-74.7457871,39.0931345],[-74.7457722,39.0931051],[-74.7457544,39.0930675],[-74.7457377,39.0930292],[-74.7457222,39.0929901],[-74.7457078,39.0929505],[-74.7456947,39.0929102],[-74.7456827,39.0928694],[-74.7456721,39.0928281],[-74.7456626,39.0927864],[-74.7456545,39.0927443],[-74.7456476,39.0927019],[-74.7456421,39.0926593],[-74.7456378,39.0926167],[-74.7456349,39.0925739],[-74.7456333,39.0925312],[-74.745633,39.0924886],[-74.7456341,39.0924461],[-74.7456365,39.0924021],[-74.7456402,39.0923587],[-74.7456451,39.092316],[-74.7456513,39.0922741],[-74.7456587,39.0922331],[-74.7456674,39.0921931],[-74.7456772,39.0921541],[-74.7456883,39.0921161],[-74.7456971,39.0920902],[-74.7457076,39.0920634],[-74.7457199,39.0920355],[-74.7457343,39.092006],[-74.745748,39.0919796],[-74.7457641,39.0919504],[-74.7458222,39.0918493],[-74.7458445,39.0918093],[-74.7458659,39.0917681],[-74.7458834,39.0917307],[-74.7458917,39.0917107],[-74.7458997,39.0916896],[-74.7459074,39.0916672],[-74.745915,39.0916431],[-74.7459283,39.0915957],[-74.7459514,39.0915055],[-74.7459611,39.0914692],[-74.7459721,39.0914319],[-74.7459832,39.0913989],[-74.7459904,39.09138],[-74.7459978,39.091362],[-74.7460055,39.0913448],[-74.7460136,39.0913284],[-74.7460221,39.0913125],[-74.746031,39.0912973],[-74.7460404,39.0912826],[-74.7460503,39.0912684],[-74.7460711,39.0912407],[-74.7460926,39.0912138],[-74.7461147,39.0911879],[-74.7461374,39.0911631],[-74.7461605,39.0911393],[-74.7461841,39.0911168],[-74.746208,39.0910955],[-74.7462324,39.0910754],[-74.7462551,39.0910579],[-74.7462789,39.0910407],[-74.7463035,39.0910239],[-74.746329,39.0910076],[-74.7463551,39.0909918],[-74.7463818,39.0909766],[-74.746409,39.090962],[-74.7464366,39.0909482],[-74.7464734,39.0909313],[-74.7465123,39.0909152],[-74.7465532,39.0909],[-74.7465962,39.0908857],[-74.7466412,39.0908722],[-74.7466881,39.0908596],[-74.7467371,39.0908478],[-74.7467879,39.090837],[-74.7468143,39.0908321],[-74.746842,39.0908276],[-74.7468714,39.0908234],[-74.746903,39.0908196],[-74.7469669,39.0908132],[-74.7470909,39.0908029],[-74.7471214,39.0908005],[-74.7471534,39.0907984],[-74.7471871,39.0907967],[-74.7472233,39.0907953],[-74.7472901,39.0907937],[-74.7474477,39.0907911],[-74.7475255,39.0907887],[-74.7475626,39.0907869],[-74.7475975,39.0907846],[-74.7476307,39.0907819],[-74.7476625,39.0907788],[-74.7477069,39.0907732],[-74.747753,39.090766],[-74.7478013,39.0907572],[-74.7478529,39.0907465],[-74.7478973,39.0907365],[-74.7479467,39.0907246],[-74.7481048,39.0906845],[-74.7481604,39.0906708],[-74.7482127,39.0906586],[-74.7482603,39.0906483],[-74.7483037,39.0906398],[-74.7483451,39.0906326],[-74.7483848,39.0906267],[-74.7484233,39.090622],[-74.7484725,39.0906162],[-74.7485916,39.0906005],[-74.748646,39.090594],[-74.7487034,39.0905883],[-74.7487296,39.0905864],[-74.7487546,39.090585],[-74.7487825,39.0905841],[-74.7488092,39.0905839],[-74.7488349,39.0905844],[-74.7488597,39.0905857],[-74.7488837,39.0905876],[-74.7489071,39.0905904],[-74.7489297,39.0905938],[-74.7489518,39.090598],[-74.7489841,39.0906048],[-74.7490037,39.0906095],[-74.7490212,39.0906144],[-74.7490363,39.0906197],[-74.7490459,39.0906238],[-74.7490555,39.0906283],[-74.749065,39.0906334],[-74.7490744,39.090639],[-74.7490837,39.0906452],[-74.7490929,39.0906519],[-74.7491113,39.0906669],[-74.7491293,39.0906839],[-74.7491474,39.0907033],[-74.7491658,39.0907253],[-74.7491854,39.0907511],[-74.7491914,39.0907598],[-74.7491969,39.0907693],[-74.7492019,39.0907794],[-74.7492066,39.0907905],[-74.7492109,39.0908021],[-74.7492151,39.0908151],[-74.7492296,39.0908677],[-74.7492367,39.0908901],[-74.7492412,39.0909019],[-74.7492461,39.0909128],[-74.7492513,39.0909228],[-74.7492569,39.0909322],[-74.7492639,39.0909422],[-74.7492718,39.0909524],[-74.7492808,39.0909628],[-74.7492909,39.0909737],[-74.7493118,39.0909944],[-74.749353,39.0910326],[-74.7493694,39.0910482],[-74.7493855,39.0910647],[-74.7493988,39.09108],[-74.7494139,39.0910991],[-74.7494288,39.0911196],[-74.7494435,39.0911415],[-74.7494584,39.0911654],[-74.7494844,39.0912106],[-74.7495283,39.0912918],[-74.7495452,39.0913223],[-74.7495629,39.0913526],[-74.7495798,39.0913794],[-74.7496033,39.0914145],[-74.7496279,39.0914499],[-74.7496538,39.0914858],[-74.7496811,39.0915223],[-74.7497097,39.0915593],[-74.7497399,39.0915972],[-74.7497717,39.0916361],[-74.7498054,39.0916763],[-74.7498648,39.091745],[-74.7499324,39.0918207],[-74.7499987,39.0918935],[-74.7501636,39.0920725],[-74.7502495,39.0921678],[-74.7502929,39.0922171],[-74.750333,39.0922637],[-74.7503703,39.0923083],[-74.7504054,39.0923514],[-74.7504282,39.0923803],[-74.7504515,39.0924107],[-74.7504754,39.0924429],[-74.7505004,39.0924773],[-74.7505503,39.0925484],[-74.7506474,39.0926903],[-74.7506885,39.0927496],[-74.7507326,39.0928111],[-74.7507735,39.0928657],[-74.7507982,39.0928974],[-74.7508226,39.0929275],[-74.7508468,39.0929563],[-74.7508709,39.0929839],[-74.750895,39.0930105],[-74.7509193,39.093036],[-74.7509437,39.0930606],[-74.7509683,39.0930843],[-74.7509811,39.0930969],[-74.7510107,39.093127],[-74.7510256,39.0931412],[-74.7510347,39.0931491],[-74.7510434,39.0931561],[-74.7510521,39.0931625],[-74.7510608,39.0931682],[-74.7510747,39.0931764],[-74.7510886,39.0931841],[-74.7511023,39.093191],[-74.7511158,39.0931971],[-74.751129,39.0932025],[-74.7511419,39.0932071],[-74.7511544,39.093211],[-74.7511666,39.093214],[-74.7511757,39.0932157],[-74.7511851,39.0932171],[-74.7511949,39.093218],[-74.7512051,39.0932186],[-74.7512266,39.0932185],[-74.7512499,39.0932168],[-74.7512743,39.0932136],[-74.7513011,39.0932089],[-74.7513307,39.0932026],[-74.7513709,39.093193],[-74.7513949,39.0931865],[-74.7514194,39.0931789],[-74.7514444,39.09317],[-74.7514697,39.0931598],[-74.7514953,39.0931485],[-74.7515214,39.0931359],[-74.7515477,39.0931222],[-74.7515743,39.0931073],[-74.7515893,39.0930983],[-74.7516042,39.0930888],[-74.7516338,39.0930683],[-74.7516629,39.0930459],[-74.7516914,39.0930217],[-74.7517194,39.0929956],[-74.7517465,39.0929679],[-74.7517727,39.0929386],[-74.7517978,39.0929081],[-74.7518079,39.0928944],[-74.7518174,39.0928796],[-74.7518263,39.0928638],[-74.7518349,39.0928466],[-74.7518431,39.092828],[-74.7518513,39.092807],[-74.7518813,39.0927209],[-74.7518886,39.0927014],[-74.7518957,39.092684],[-74.7519048,39.0926643],[-74.7519142,39.0926464],[-74.7519242,39.0926298],[-74.7519349,39.0926143],[-74.7519497,39.0925962],[-74.7519878,39.0925539],[-74.7519969,39.0925424],[-74.7520043,39.0925318],[-74.7520098,39.0925222],[-74.7520144,39.0925121],[-74.752018,39.0925016],[-74.7520206,39.0924905],[-74.7520223,39.0924789],[-74.7520231,39.0924667],[-74.752023,39.0924538],[-74.7520219,39.0924402],[-74.7520183,39.0924166],[-74.7520121,39.0923898],[-74.7520047,39.0923639],[-74.7519858,39.0923023],[-74.7519778,39.0922721],[-74.7519747,39.0922576],[-74.7519724,39.0922441],[-74.7519709,39.0922314],[-74.7519702,39.0922195],[-74.7519702,39.092208],[-74.7519711,39.0921971],[-74.7519728,39.0921866],[-74.7519752,39.0921767],[-74.7519785,39.0921672],[-74.7519826,39.0921582],[-74.7519876,39.0921496],[-74.7519933,39.0921414],[-74.7520032,39.0921294],[-74.7520145,39.0921171],[-74.7520272,39.0921047],[-74.7520413,39.0920919],[-74.7520568,39.092079],[-74.7520737,39.0920657],[-74.7520922,39.0920522],[-74.7521121,39.0920384],[-74.7521261,39.0920292],[-74.7521409,39.0920203],[-74.7521564,39.0920116],[-74.7521727,39.0920032],[-74.7521898,39.0919949],[-74.7522077,39.0919868],[-74.7522264,39.091979],[-74.7522461,39.0919712],[-74.7522874,39.0919564],[-74.7523332,39.0919419],[-74.7523845,39.0919272],[-74.7524475,39.0919107],[-74.7525297,39.0918903],[-74.7525642,39.0918824],[-74.7525964,39.0918756],[-74.7526275,39.0918696],[-74.7526572,39.0918644],[-74.7526856,39.0918601],[-74.752713,39.0918566],[-74.7527399,39.0918538],[-74.752766,39.0918519],[-74.7527911,39.0918509],[-74.7528154,39.0918506],[-74.7528388,39.0918512],[-74.7528615,39.0918527],[-74.7528834,39.0918549],[-74.7529046,39.091858],[-74.7529216,39.0918617],[-74.7529391,39.0918668],[-74.7529572,39.0918735],[-74.7529763,39.091882],[-74.7529927,39.0918902],[-74.7530108,39.0919],[-74.7530704,39.0919346],[-74.7530926,39.091947],[-74.7531146,39.0919583],[-74.7531348,39.0919673],[-74.7531559,39.0919752],[-74.7531662,39.0919783],[-74.7531763,39.0919809],[-74.7531862,39.091983],[-74.7531961,39.0919846],[-74.7532059,39.0919857],[-74.7532156,39.0919864],[-74.7532243,39.0919863],[-74.7532345,39.0919856],[-74.7532714,39.091981],[-74.7532849,39.0919799],[-74.7532915,39.0919798],[-74.7532972,39.0919801],[-74.7533022,39.0919809],[-74.7533064,39.0919821],[-74.7533095,39.0919836],[-74.7533122,39.0919856],[-74.7533145,39.0919879],[-74.7533163,39.0919906],[-74.7533188,39.0919974],[-74.7533197,39.0920061],[-74.7533192,39.0920146],[-74.7533177,39.0920249],[-74.7533089,39.0920651],[-74.7533062,39.0920814],[-74.7533055,39.0920894],[-74.7533055,39.0920966],[-74.7533061,39.0921029],[-74.7533075,39.0921086],[-74.7533118,39.09212],[-74.7533175,39.0921313],[-74.7533247,39.0921424],[-74.7533333,39.0921534],[-74.7533434,39.0921643],[-74.7533549,39.0921751],[-74.753368,39.0921859],[-74.7533827,39.0921968],[-74.7533962,39.092206],[-74.7534111,39.0922153],[-74.7534274,39.0922249],[-74.7534455,39.0922349],[-74.7534802,39.092253],[-74.7535619,39.0922938],[-74.7535992,39.0923139],[-74.75362,39.092325],[-74.7536425,39.0923359],[-74.753667,39.0923465],[-74.753694,39.0923572],[-74.7537183,39.0923661],[-74.7537458,39.0923755],[-74.7538394,39.092406],[-74.7538743,39.0924178],[-74.7539086,39.0924302],[-74.7539385,39.0924422],[-74.7539696,39.0924562],[-74.7539838,39.0924633],[-74.7539973,39.0924706],[-74.75401,39.0924781],[-74.7540221,39.0924857],[-74.7540335,39.0924936],[-74.7540443,39.0925016],[-74.7540552,39.0925109],[-74.7540659,39.0925212],[-74.7540764,39.0925328],[-74.7540869,39.0925458],[-74.7540956,39.0925578],[-74.754105,39.0925714],[-74.7541351,39.0926183],[-74.7541467,39.0926357],[-74.754159,39.0926525],[-74.7541707,39.092667],[-74.7541844,39.0926815],[-74.7541985,39.0926939],[-74.7542132,39.0927045],[-74.7542208,39.0927092],[-74.7542286,39.0927134],[-74.7542401,39.0927188],[-74.7542526,39.092724],[-74.7542663,39.0927291],[-74.7542815,39.092734],[-74.75431,39.0927421],[-74.7543837,39.0927613],[-74.7544071,39.0927676],[-74.7544309,39.0927736],[-74.7544549,39.0927791],[-74.7544793,39.0927843],[-74.7545041,39.0927891],[-74.7545292,39.0927935],[-74.7545547,39.0927975],[-74.7545807,39.0928012],[-74.7546337,39.0928073],[-74.7546886,39.092812],[-74.7547456,39.0928152],[-74.754805,39.092817],[-74.7548604,39.0928174],[-74.7549184,39.0928166],[-74.7549796,39.0928147],[-74.7550451,39.0928117],[-74.7551065,39.092808],[-74.7551748,39.0928032],[-74.7554255,39.0927834],[-74.7555284,39.092776],[-74.7555836,39.0927727],[-74.7556351,39.0927701],[-74.7556839,39.0927682],[-74.7557304,39.092767],[-74.7557857,39.0927664],[-74.7558387,39.0927669],[-74.7558897,39.0927683],[-74.755939,39.0927709],[-74.7559869,39.0927745],[-74.7560333,39.0927791],[-74.7560785,39.0927849],[-74.7561226,39.0927917],[-74.7561443,39.0927962],[-74.7561687,39.0928029],[-74.7561964,39.0928119],[-74.7562539,39.0928323],[-74.7562784,39.0928406],[-74.7563037,39.092848],[-74.7563259,39.0928532],[-74.7563388,39.0928554],[-74.7563509,39.0928568],[-74.7563624,39.0928574],[-74.7563733,39.0928572],[-74.7563836,39.0928562],[-74.7563934,39.0928544],[-74.7564027,39.0928518],[-74.7564116,39.0928484],[-74.7564197,39.0928445],[-74.7564282,39.0928397],[-74.756437,39.092834],[-74.7564461,39.0928275],[-74.7564653,39.0928119],[-74.7564881,39.0927911],[-74.7564952,39.092784],[-74.7565016,39.0927766],[-74.7565073,39.0927691],[-74.7565122,39.0927613],[-74.7565165,39.0927532],[-74.75652,39.092745],[-74.7565229,39.0927365],[-74.7565251,39.0927277],[-74.7565266,39.0927187],[-74.7565274,39.0927095],[-74.7565275,39.0926999],[-74.7565269,39.0926901],[-74.7565257,39.09268],[-74.7565237,39.0926695],[-74.7565211,39.0926587],[-74.7565177,39.0926476],[-74.7565109,39.0926289],[-74.7565023,39.0926091],[-74.7564917,39.092588],[-74.7564789,39.092565],[-74.7564666,39.0925444],[-74.756452,39.0925213],[-74.7563984,39.0924398],[-74.7563777,39.0924074],[-74.7563581,39.0923746],[-74.7563422,39.0923453],[-74.7563344,39.0923291],[-74.7563275,39.0923137],[-74.7563216,39.0922988],[-74.7563167,39.0922844],[-74.7563126,39.0922704],[-74.7563095,39.0922569],[-74.7563073,39.0922438],[-74.756306,39.092231],[-74.7563043,39.0921998],[-74.7563035,39.0921682],[-74.7563035,39.0921362],[-74.7563045,39.0921038],[-74.7563063,39.0920712],[-74.756309,39.0920384],[-74.7563126,39.0920055],[-74.756317,39.0919725],[-74.7563221,39.0919298],[-74.7563311,39.0918188],[-74.7563367,39.0917673],[-74.7563406,39.0917405],[-74.7563451,39.0917162],[-74.7563503,39.0916941],[-74.7563561,39.0916739],[-74.7563637,39.0916529],[-74.7563723,39.0916342],[-74.756382,39.0916178],[-74.7563872,39.0916103],[-74.7563927,39.0916035],[-74.7563985,39.0915971],[-74.7564045,39.0915913],[-74.7564109,39.091586],[-74.7564175,39.0915813],[-74.7564244,39.091577],[-74.7564316,39.0915733],[-74.7564391,39.0915702],[-74.7564469,39.0915675],[-74.7564583,39.0915646],[-74.7564707,39.0915623],[-74.7564843,39.0915607],[-74.7564989,39.0915598],[-74.7565147,39.0915596],[-74.7565315,39.0915601],[-74.7565495,39.0915612],[-74.7565686,39.091563],[-74.7565886,39.0915654],[-74.7566098,39.0915686],[-74.7566321,39.0915724],[-74.7566556,39.0915768],[-74.756706,39.0915878],[-74.7567632,39.0916019],[-74.7567923,39.0916102],[-74.7568222,39.09162],[-74.7568531,39.0916316],[-74.7568854,39.0916451],[-74.7569176,39.0916596],[-74.7569528,39.0916766],[-74.75699,39.0916954],[-74.7570531,39.0917281],[-74.7571425,39.0917746],[-74.7572034,39.0918077],[-74.7572314,39.0918236],[-74.7572574,39.091839],[-74.7572817,39.0918541],[-74.7573046,39.0918689],[-74.7573271,39.0918843],[-74.7573483,39.0918996],[-74.7573682,39.0919149],[-74.7573869,39.0919302],[-74.7574045,39.0919456],[-74.757421,39.0919611],[-74.7574364,39.0919767],[-74.7574507,39.0919925],[-74.7574612,39.0920054],[-74.757472,39.0920203],[-74.7575035,39.0920694],[-74.7575146,39.0920858],[-74.7575255,39.0921003],[-74.7575363,39.0921129],[-74.7575466,39.0921231],[-74.7575591,39.092134],[-74.7575719,39.0921441],[-74.7576034,39.092168],[-74.7576189,39.0921806],[-74.7576325,39.0921936],[-74.7576381,39.0921999],[-74.757643,39.0922062],[-74.7576529,39.0922209],[-74.7576618,39.0922369],[-74.7576696,39.0922541],[-74.7576765,39.0922727],[-74.7576824,39.0922924],[-74.7576873,39.0923135],[-74.7576912,39.0923359],[-74.7576942,39.0923597],[-74.7576952,39.0923749],[-74.7576951,39.0923908],[-74.757694,39.0924076],[-74.7576918,39.0924256],[-74.757689,39.0924423],[-74.7576852,39.0924609],[-74.7576681,39.0925357],[-74.7576637,39.0925554],[-74.7576583,39.0925757],[-74.7576521,39.092597],[-74.7576449,39.0926195],[-74.7576282,39.0926663],[-74.7575918,39.0927607],[-74.757577,39.0928009],[-74.7575629,39.0928434],[-74.7575522,39.0928818],[-74.7575479,39.0929027],[-74.7575448,39.0929263],[-74.7575427,39.0929511],[-74.7575387,39.0930206],[-74.7575365,39.0930417],[-74.7575336,39.0930603],[-74.7575287,39.0930814],[-74.7575224,39.0931005],[-74.7575146,39.0931182],[-74.75751,39.0931265],[-74.757505,39.0931345],[-74.7575,39.0931413],[-74.7574937,39.0931487],[-74.75747,39.093173],[-74.7574616,39.0931822],[-74.7574545,39.0931917],[-74.7574497,39.0932006],[-74.7574472,39.0932072],[-74.7574452,39.093214],[-74.7574438,39.0932212],[-74.7574428,39.0932287],[-74.7574426,39.0932445],[-74.7574445,39.0932615],[-74.7574485,39.0932797],[-74.7574546,39.0932987],[-74.7574627,39.0933185],[-74.7574727,39.0933386],[-74.7574806,39.0933524],[-74.7574883,39.0933649],[-74.7574961,39.0933762],[-74.757504,39.0933863],[-74.757512,39.0933952],[-74.75752,39.093403],[-74.7575281,39.0934096],[-74.7575362,39.0934151],[-74.7575408,39.0934175],[-74.7575457,39.0934196],[-74.757551,39.0934213],[-74.7575566,39.0934226],[-74.757569,39.0934243],[-74.757583,39.0934245],[-74.757597,39.0934236],[-74.7576132,39.0934216],[-74.7576301,39.0934187],[-74.7576779,39.0934099],[-74.7576924,39.0934078],[-74.7577052,39.0934063],[-74.7577194,39.0934054],[-74.7577322,39.0934055],[-74.7577439,39.0934065],[-74.7577547,39.0934085],[-74.757763,39.0934108],[-74.7577716,39.0934137],[-74.7577898,39.0934213],[-74.7578076,39.0934302],[-74.7578547,39.0934559],[-74.7578692,39.0934627],[-74.7578825,39.0934681],[-74.7579013,39.0934745],[-74.7579209,39.0934804],[-74.7579413,39.0934856],[-74.7579625,39.0934903],[-74.7579845,39.0934944],[-74.7580075,39.093498],[-74.7580314,39.0935011],[-74.7580565,39.0935037],[-74.7580806,39.0935056],[-74.7581059,39.0935071],[-74.7581328,39.0935082],[-74.7581616,39.093509],[-74.7582169,39.0935095],[-74.7583406,39.0935092],[-74.7583971,39.0935089],[-74.7584493,39.0935077],[-74.7584985,39.0935056],[-74.7585449,39.0935024],[-74.7585882,39.0934981],[-74.758633,39.0934925],[-74.7586796,39.0934854],[-74.7587283,39.0934768],[-74.7587787,39.0934667],[-74.758833,39.0934549],[-74.7588926,39.093441],[-74.7589667,39.0934228],[-74.7590181,39.0934096],[-74.7590697,39.0933954],[-74.7591214,39.0933802],[-74.7591734,39.0933641],[-74.7592254,39.093347],[-74.7592776,39.093329],[-74.7593299,39.09331],[-74.7593823,39.0932901],[-74.7594347,39.0932693],[-74.7594872,39.0932476],[-74.7595397,39.093225],[-74.7595921,39.0932015],[-74.7596444,39.0931771],[-74.7596966,39.0931519],[-74.7597486,39.0931258],[-74.7598005,39.093099],[-74.759849,39.0930727],[-74.7598988,39.0930443],[-74.7599502,39.0930135],[-74.760004,39.09298],[-74.7600573,39.0929456],[-74.7601158,39.0929068],[-74.7602898,39.0927883],[-74.7603237,39.0927657],[-74.7603625,39.092741],[-74.7604962,39.0926591],[-74.7605461,39.0926278],[-74.7605944,39.092596],[-74.7606361,39.0925665],[-74.7606604,39.0925481],[-74.7606829,39.09253],[-74.7607037,39.0925121],[-74.760723,39.0924943],[-74.7607409,39.0924765],[-74.7607573,39.0924586],[-74.7607724,39.0924407],[-74.7607861,39.0924227],[-74.7608038,39.0923975],[-74.7608205,39.0923724],[-74.7608361,39.0923474],[-74.7608506,39.0923227],[-74.760864,39.0922982],[-74.7608762,39.092274],[-74.7608871,39.0922503],[-74.7608969,39.092227],[-74.7609054,39.0922042],[-74.7609127,39.0921819],[-74.7609187,39.0921601],[-74.7609235,39.0921388],[-74.760927,39.092118],[-74.7609293,39.0920979],[-74.7609303,39.0920782],[-74.76093,39.0920592],[-74.7609291,39.092047],[-74.7609273,39.0920347],[-74.7609247,39.0920221],[-74.7609213,39.0920092],[-74.7609171,39.091996],[-74.760912,39.0919824],[-74.7609061,39.0919684],[-74.7608992,39.0919539],[-74.7608861,39.0919291],[-74.76087,39.0919016],[-74.7608533,39.091875],[-74.760811,39.0918095],[-74.7607899,39.0917748],[-74.7607799,39.091757],[-74.7607711,39.0917402],[-74.7607635,39.0917242],[-74.760757,39.0917088],[-74.7607291,39.0916373],[-74.7607077,39.091578],[-74.7606985,39.0915503],[-74.7606903,39.0915237],[-74.760683,39.0914981],[-74.7606765,39.0914731],[-74.7606744,39.0914636],[-74.7606729,39.0914533],[-74.760671,39.0914304],[-74.7606709,39.0914056],[-74.7606724,39.0913565],[-74.7606726,39.0913366],[-74.7606719,39.0913163],[-74.7606699,39.0912988],[-74.760668,39.0912889],[-74.7606656,39.0912797],[-74.7606627,39.0912712],[-74.7606591,39.0912632],[-74.760655,39.0912559],[-74.7606504,39.0912491],[-74.7606451,39.0912429],[-74.7606392,39.0912372],[-74.7606323,39.0912316],[-74.7606247,39.0912263],[-74.7606163,39.0912211],[-74.760607,39.0912161],[-74.760597,39.0912112],[-74.7605861,39.0912065],[-74.7605618,39.0911976],[-74.7605344,39.0911895],[-74.7605034,39.0911818],[-74.7604684,39.0911745],[-74.7604268,39.0911671],[-74.7603915,39.0911615],[-74.7603653,39.0911583],[-74.760342,39.0911567],[-74.7603211,39.0911568],[-74.7603025,39.0911585],[-74.7602833,39.0911618],[-74.7602632,39.0911669],[-74.7602422,39.0911736],[-74.7602212,39.0911817],[-74.7601983,39.0911916],[-74.7601745,39.0912029],[-74.7601319,39.0912239],[-74.7600767,39.09125],[-74.7600547,39.0912608],[-74.7600324,39.0912728],[-74.7600137,39.0912842],[-74.7600047,39.0912904],[-74.7599965,39.0912966],[-74.7599892,39.0913028],[-74.7599826,39.0913091],[-74.7599768,39.0913154],[-74.7599717,39.0913218],[-74.7599673,39.0913283],[-74.7599637,39.0913349],[-74.7599601,39.0913441],[-74.7599578,39.0913548],[-74.7599566,39.0913668],[-74.7599557,39.0913919],[-74.759955,39.0914025],[-74.7599533,39.0914134],[-74.7599506,39.0914228],[-74.7599458,39.0914335],[-74.7599389,39.091445],[-74.7599313,39.0914557],[-74.7599128,39.09148],[-74.7599049,39.0914915],[-74.7598993,39.0915016],[-74.7598953,39.091511],[-74.7598922,39.0915219],[-74.75989,39.0915335],[-74.7598888,39.091546],[-74.7598886,39.0915595],[-74.7598901,39.0915844],[-74.7598956,39.0916305],[-74.7598972,39.0916483],[-74.7598992,39.0916654],[-74.7599028,39.0916834],[-74.759908,39.0917025],[-74.7599151,39.0917229],[-74.7599227,39.0917422],[-74.7599321,39.0917636],[-74.7599687,39.0918403],[-74.7599823,39.0918709],[-74.7599889,39.0918871],[-74.7599943,39.0919022],[-74.7599987,39.0919163],[-74.7600022,39.0919298],[-74.7600052,39.0919457],[-74.7600067,39.0919607],[-74.7600068,39.0919751],[-74.7600055,39.0919887],[-74.7600028,39.0920018],[-74.7599986,39.0920143],[-74.7599929,39.0920263],[-74.7599858,39.0920377],[-74.759975,39.0920527],[-74.7599654,39.0920651],[-74.7599561,39.0920761],[-74.7599469,39.092086],[-74.7599376,39.0920948],[-74.7599283,39.0921026],[-74.7599188,39.0921094],[-74.7599093,39.0921151],[-74.7599021,39.0921187],[-74.7598942,39.0921221],[-74.759876,39.0921285],[-74.7598557,39.0921341],[-74.7598177,39.0921432],[-74.7597869,39.0921501],[-74.7597552,39.092156],[-74.7597227,39.0921609],[-74.7596896,39.0921647],[-74.7596562,39.0921674],[-74.7596227,39.092169],[-74.7595893,39.0921694],[-74.7595563,39.0921687],[-74.759524,39.0921669],[-74.7594923,39.092164],[-74.7594616,39.09216],[-74.7594318,39.0921549],[-74.7594032,39.0921487],[-74.7593759,39.0921416],[-74.7593499,39.0921334],[-74.7593253,39.0921243],[-74.7593036,39.0921148],[-74.7592816,39.0921037],[-74.759259,39.0920909],[-74.7592357,39.0920763],[-74.759212,39.0920601],[-74.7591869,39.0920418],[-74.7591597,39.0920208],[-74.7591261,39.0919938],[-74.7591044,39.0919756],[-74.7590831,39.0919569],[-74.7590624,39.0919376],[-74.7590422,39.0919177],[-74.7590227,39.0918975],[-74.7590039,39.091877],[-74.758986,39.0918563],[-74.758969,39.0918354],[-74.758959,39.0918217],[-74.75895,39.091807],[-74.7589419,39.0917915],[-74.7589348,39.0917751],[-74.7589287,39.0917577],[-74.7589235,39.0917393],[-74.7589192,39.0917198],[-74.7589157,39.0916991],[-74.7589135,39.0916811],[-74.7589119,39.0916621],[-74.7589108,39.0916417],[-74.7589102,39.0916198],[-74.7589102,39.0915783],[-74.7589122,39.0914778],[-74.7589121,39.0914509],[-74.7589113,39.0914271],[-74.7589096,39.0914019],[-74.758907,39.0913789],[-74.7589035,39.0913576],[-74.7588989,39.0913378],[-74.7588922,39.0913165],[-74.7588841,39.0912969],[-74.7588794,39.0912877],[-74.7588744,39.0912789],[-74.758869,39.0912705],[-74.7588632,39.0912624],[-74.758857,39.0912547],[-74.7588503,39.0912473],[-74.7588433,39.0912403],[-74.7588358,39.0912336],[-74.7588279,39.0912273],[-74.7588196,39.0912213],[-74.7588109,39.0912157],[-74.7588017,39.0912103],[-74.7587863,39.0912023],[-74.7587698,39.0911943],[-74.7587523,39.0911864],[-74.7587338,39.0911788],[-74.7587144,39.0911713],[-74.7586943,39.0911641],[-74.7586737,39.0911573],[-74.7586528,39.0911509],[-74.7586378,39.091147],[-74.7586216,39.091144],[-74.758604,39.0911417],[-74.7585848,39.0911402],[-74.7585674,39.0911395],[-74.7585479,39.0911392],[-74.7584815,39.0911398],[-74.7584569,39.0911397],[-74.7584326,39.0911388],[-74.7584114,39.0911369],[-74.7584,39.0911354],[-74.7583893,39.0911336],[-74.7583791,39.0911313],[-74.7583695,39.0911287],[-74.7583603,39.0911257],[-74.7583517,39.0911224],[-74.7583435,39.0911186],[-74.7583357,39.0911144],[-74.7583176,39.0911031],[-74.7583002,39.0910908],[-74.7582846,39.091078],[-74.7582713,39.0910654],[-74.7582654,39.0910585],[-74.7582606,39.0910512],[-74.7582567,39.0910434],[-74.7582539,39.0910352],[-74.758252,39.0910264],[-74.7582511,39.0910171],[-74.7582512,39.0910073],[-74.7582523,39.0909968],[-74.7582542,39.0909868],[-74.7582569,39.090976],[-74.7582604,39.0909646],[-74.7582649,39.0909522],[-74.7582753,39.0909271],[-74.7582977,39.0908783],[-74.7583064,39.0908584],[-74.7583143,39.090838],[-74.7583199,39.0908201],[-74.7583223,39.0908098],[-74.7583239,39.0908002],[-74.7583248,39.0907911],[-74.7583249,39.0907824],[-74.7583242,39.0907742],[-74.7583228,39.0907664],[-74.7583205,39.090759],[-74.7583175,39.090752],[-74.7583127,39.0907433],[-74.758307,39.0907346],[-74.7583003,39.090726],[-74.7582928,39.0907174],[-74.7582842,39.0907088],[-74.7582747,39.0907001],[-74.7582641,39.0906914],[-74.7582523,39.0906826],[-74.7582311,39.090668],[-74.7582059,39.0906522],[-74.7581808,39.0906374],[-74.7581196,39.0906025],[-74.7580897,39.0905845],[-74.7580631,39.090567],[-74.7580408,39.0905506],[-74.7580055,39.0905216],[-74.7579674,39.0904885],[-74.757932,39.0904565],[-74.7578517,39.0903826],[-74.7578136,39.0903484],[-74.7577802,39.0903197],[-74.7577488,39.0902942],[-74.7577286,39.0902787],[-74.7577069,39.0902628],[-74.7576836,39.0902464],[-74.7576582,39.0902292],[-74.7576103,39.090198],[-74.757494,39.0901245],[-74.7574633,39.0901044],[-74.7574361,39.090086],[-74.7574082,39.0900663],[-74.7573827,39.0900473],[-74.7573591,39.0900286],[-74.7573372,39.0900102],[-74.757324,39.089999],[-74.7573086,39.0899867],[-74.757253,39.0899445],[-74.7572315,39.0899277],[-74.7572109,39.0899103],[-74.7571937,39.0898942],[-74.7571843,39.0898844],[-74.757176,39.0898748],[-74.7571685,39.0898652],[-74.7571621,39.0898558],[-74.7571565,39.0898463],[-74.7571517,39.0898369],[-74.7571479,39.0898274],[-74.7571449,39.0898179],[-74.7571424,39.0898073],[-74.7571404,39.0897964],[-74.7571378,39.0897738],[-74.7571373,39.0897601],[-74.7571373,39.0897464],[-74.757138,39.0897328],[-74.7571394,39.0897195],[-74.7571413,39.0897065],[-74.7571438,39.0896938],[-74.7571469,39.0896816],[-74.7571506,39.0896699],[-74.7571549,39.0896588],[-74.7571596,39.0896482],[-74.757165,39.0896382],[-74.7571708,39.0896287],[-74.7571772,39.0896198],[-74.757184,39.0896115],[-74.7571914,39.0896039],[-74.7571993,39.0895968],[-74.7572129,39.0895865],[-74.7572284,39.0895764],[-74.7572452,39.0895671],[-74.7572626,39.0895589],[-74.7572716,39.0895553],[-74.7572814,39.0895522],[-74.7572921,39.0895495],[-74.7573039,39.0895471],[-74.7573263,39.0895438],[-74.7573818,39.0895374],[-74.7573966,39.089535],[-74.7574097,39.0895324],[-74.7575127,39.0895099],[-74.7575542,39.0895001],[-74.7575764,39.0894943],[-74.7575967,39.0894885],[-74.7576155,39.0894825],[-74.7576329,39.0894764],[-74.7576507,39.0894694],[-74.7576671,39.0894621],[-74.7576823,39.0894544],[-74.7576962,39.0894463],[-74.7577088,39.0894379],[-74.7577203,39.089429],[-74.7577306,39.0894197],[-74.7577398,39.08941],[-74.7577508,39.0893968],[-74.75776,39.089385],[-74.7577678,39.089374],[-74.7577744,39.0893636],[-74.7577797,39.0893537],[-74.7577837,39.0893444],[-74.7577866,39.0893356],[-74.7577881,39.0893273],[-74.7577885,39.0893213],[-74.7577881,39.0893151],[-74.7577871,39.0893088],[-74.7577853,39.0893022],[-74.7577828,39.0892954],[-74.7577797,39.0892884],[-74.7577711,39.0892736],[-74.7577604,39.0892586],[-74.7577467,39.0892422],[-74.7577311,39.0892253],[-74.7577025,39.089196],[-74.7576961,39.0891897],[-74.7576892,39.0891836],[-74.757682,39.0891779],[-74.7576743,39.0891725],[-74.7576663,39.0891674],[-74.7576578,39.0891626],[-74.757649,39.0891582],[-74.7576397,39.089154],[-74.75762,39.0891466],[-74.7575985,39.0891404],[-74.7575752,39.0891353],[-74.7575498,39.0891314],[-74.7575264,39.0891289],[-74.7575013,39.0891272],[-74.757474,39.0891262],[-74.7574443,39.089126],[-74.7574162,39.0891264],[-74.7573845,39.0891274],[-74.757265,39.0891327],[-74.7572154,39.0891344],[-74.7571647,39.0891348],[-74.7571418,39.0891343],[-74.7571202,39.0891334],[-74.7570952,39.0891317],[-74.7570717,39.0891294],[-74.7570494,39.0891263],[-74.7570284,39.0891226],[-74.7570084,39.0891181],[-74.7569895,39.0891129],[-74.7569715,39.089107],[-74.7569546,39.0891002],[-74.7569107,39.089082],[-74.7568899,39.0890726],[-74.7568707,39.0890623],[-74.7568624,39.0890572],[-74.756855,39.0890519],[-74.7568453,39.0890442],[-74.7568359,39.0890355],[-74.7568267,39.089026],[-74.7568178,39.0890156],[-74.7568091,39.0890042],[-74.7568005,39.088992],[-74.756792,39.0889786],[-74.7567835,39.088964],[-74.7567763,39.0889501],[-74.7567698,39.0889355],[-74.756764,39.0889203],[-74.756759,39.0889045],[-74.7567548,39.0888882],[-74.7567515,39.0888715],[-74.7567489,39.0888546],[-74.7567473,39.0888376],[-74.7567467,39.0888184],[-74.7567475,39.0887986],[-74.7567496,39.0887783],[-74.7567532,39.0887576],[-74.7567581,39.0887366],[-74.7567643,39.0887155],[-74.7567718,39.0886946],[-74.7567805,39.088674],[-74.75679,39.0886552],[-74.7568013,39.088636],[-74.7568145,39.0886164],[-74.7568298,39.0885964],[-74.7568469,39.0885759],[-74.7568662,39.0885547],[-74.7568879,39.0885326],[-74.7569125,39.0885089],[-74.7569198,39.0885025],[-74.7569281,39.0884962],[-74.7569375,39.0884898],[-74.7569481,39.0884833],[-74.7569702,39.0884712],[-74.7570132,39.0884497],[-74.7570298,39.088441],[-74.7570461,39.0884317],[-74.7570594,39.088423],[-74.7570665,39.0884176],[-74.7570728,39.0884122],[-74.7570783,39.0884068],[-74.757083,39.0884014],[-74.757087,39.0883959],[-74.7570903,39.0883902],[-74.7570928,39.0883845],[-74.7570947,39.0883786],[-74.757096,39.0883708],[-74.7570963,39.0883619],[-74.7570958,39.0883526],[-74.7570934,39.0883267],[-74.7570933,39.088319],[-74.7570937,39.0883122],[-74.7570969,39.0882916],[-74.7571022,39.0882704],[-74.7571096,39.0882486],[-74.7571191,39.0882265],[-74.7571306,39.088204],[-74.7571441,39.0881813],[-74.7571593,39.0881587],[-74.7571763,39.0881365],[-74.7571853,39.0881263],[-74.7571959,39.0881163],[-74.7572083,39.0881063],[-74.7572226,39.0880962],[-74.7572358,39.0880877],[-74.7572511,39.0880786],[-74.7573026,39.0880498],[-74.7573207,39.0880394],[-74.7573374,39.088029],[-74.7573516,39.0880192],[-74.7573646,39.088009],[-74.7573757,39.0879989],[-74.757385,39.0879887],[-74.7573927,39.0879782],[-74.7574,39.087966],[-74.7574065,39.0879528],[-74.7574124,39.0879383],[-74.7574177,39.0879224],[-74.757422,39.0879073],[-74.7574262,39.0878901],[-74.75744,39.0878236],[-74.7574427,39.0878102],[-74.7574449,39.0877961],[-74.7574465,39.0877811],[-74.7574477,39.0877649],[-74.7574486,39.0877346],[-74.757449,39.0876607],[-74.7574498,39.0876408],[-74.7574511,39.0876229],[-74.7574535,39.087604],[-74.7574567,39.0875864],[-74.7574609,39.08757],[-74.7574661,39.0875546],[-74.7574755,39.0875318],[-74.7574863,39.0875089],[-74.7574984,39.0874859],[-74.7575118,39.087463],[-74.7575264,39.0874403],[-74.7575422,39.087418],[-74.7575591,39.0873961],[-74.7575769,39.0873747],[-74.7575956,39.0873541],[-74.7576151,39.0873342],[-74.7576353,39.0873151],[-74.7576561,39.0872969],[-74.7576775,39.0872798],[-74.7576993,39.0872637],[-74.7577215,39.0872488],[-74.7577441,39.0872349],[-74.7577569,39.0872279],[-74.7577707,39.0872211],[-74.7577858,39.0872144],[-74.7578022,39.0872077],[-74.7578366,39.0871954],[-74.7579063,39.0871727],[-74.7579351,39.0871627],[-74.7579645,39.0871514],[-74.7579897,39.08714],[-74.7580416,39.0871158],[-74.7580638,39.0871045],[-74.7580749,39.0870981],[-74.7580848,39.0870918],[-74.7580936,39.0870854],[-74.7581014,39.0870789],[-74.7581148,39.0870658],[-74.7581276,39.087051],[-74.7581394,39.0870349],[-74.7581498,39.0870181],[-74.7581546,39.0870076],[-74.7581578,39.0869963],[-74.7581593,39.0869841],[-74.7581592,39.0869708],[-74.7581573,39.086956],[-74.7581537,39.0869393],[-74.7581486,39.0869214],[-74.7581325,39.0868705],[-74.7581285,39.086855],[-74.7581261,39.0868413],[-74.7581248,39.0868259],[-74.7581257,39.086812],[-74.7581269,39.0868055],[-74.7581286,39.0867992],[-74.7581308,39.0867933],[-74.7581336,39.0867875],[-74.758138,39.0867804],[-74.7581432,39.0867732],[-74.7581494,39.0867658],[-74.7581567,39.0867581],[-74.7581722,39.0867437],[-74.758204,39.0867167],[-74.7582165,39.0867055],[-74.7582286,39.0866936],[-74.7582383,39.0866826],[-74.7582497,39.0866677],[-74.7582608,39.0866522],[-74.7582717,39.0866359],[-74.7582822,39.086619],[-74.7582923,39.0866014],[-74.7583022,39.0865832],[-74.7583117,39.0865643],[-74.7583209,39.0865447],[-74.7583255,39.0865338],[-74.7583296,39.0865225],[-74.758333,39.0865108],[-74.758336,39.0864986],[-74.7583384,39.086486],[-74.7583403,39.0864729],[-74.7583417,39.0864592],[-74.7583426,39.0864449],[-74.758343,39.0864202],[-74.7583421,39.0863924],[-74.7583404,39.0863657],[-74.7583355,39.0863022],[-74.7583338,39.0862707],[-74.7583336,39.0862412],[-74.7583351,39.0862148],[-74.7583383,39.0861904],[-74.7583433,39.0861678],[-74.7583466,39.0861571],[-74.7583503,39.0861468],[-74.7583544,39.0861367],[-74.7583591,39.086127],[-74.7583669,39.086114],[-74.7583768,39.0861007],[-74.758389,39.0860869],[-74.7584036,39.0860723],[-74.7584179,39.0860595],[-74.7584348,39.0860454],[-74.7584943,39.0859986],[-74.7585158,39.085981],[-74.7585358,39.0859632],[-74.7585515,39.085947],[-74.7585593,39.0859378],[-74.7585658,39.0859288],[-74.7585711,39.0859201],[-74.7585753,39.0859115],[-74.7585784,39.0859031],[-74.7585803,39.0858948],[-74.7585811,39.0858866],[-74.7585807,39.0858785],[-74.7585795,39.0858706],[-74.7585774,39.0858625],[-74.7585746,39.0858542],[-74.758571,39.0858455],[-74.7585666,39.0858365],[-74.7585614,39.0858273],[-74.7585485,39.0858078],[-74.7585329,39.0857875],[-74.7585138,39.0857654],[-74.7584912,39.0857414],[-74.758459,39.085709],[-74.7584463,39.0856976],[-74.7584313,39.0856865],[-74.7584138,39.0856756],[-74.7583936,39.0856647],[-74.7583744,39.0856554],[-74.7583522,39.0856456],[-74.7582757,39.0856143],[-74.7582482,39.0856025],[-74.7582223,39.0855901],[-74.7582011,39.0855783],[-74.7581902,39.0855712],[-74.7581805,39.0855641],[-74.7581721,39.085557],[-74.7581648,39.0855497],[-74.7581587,39.0855422],[-74.7581537,39.0855346],[-74.7581498,39.0855267],[-74.758147,39.0855187],[-74.7581446,39.0855087],[-74.7581428,39.0854979],[-74.7581417,39.0854864],[-74.7581412,39.0854744],[-74.7581413,39.0854621],[-74.7581422,39.0854497],[-74.7581436,39.0854372],[-74.7581457,39.085425],[-74.7581483,39.0854132],[-74.7581514,39.0854019],[-74.7581551,39.0853911],[-74.7581593,39.085381],[-74.7581639,39.0853716],[-74.758169,39.085363],[-74.7581744,39.0853552],[-74.7581802,39.0853482],[-74.7581848,39.0853438],[-74.75819,39.0853396],[-74.7581958,39.0853358],[-74.7582023,39.0853323],[-74.7582093,39.085329],[-74.7582171,39.085326],[-74.7582256,39.0853233],[-74.7582349,39.0853209],[-74.7582529,39.0853172],[-74.7582741,39.085314],[-74.7582967,39.0853115],[-74.7583615,39.0853052],[-74.7583811,39.0853027],[-74.7583982,39.0853],[-74.7584168,39.0852962],[-74.7584333,39.0852917],[-74.758448,39.0852865],[-74.7584611,39.0852805],[-74.7584853,39.0852679],[-74.7585007,39.085259],[-74.7585138,39.0852503],[-74.7585245,39.0852417],[-74.7585345,39.0852319],[-74.7585439,39.0852212],[-74.7585523,39.0852102],[-74.7585595,39.085199],[-74.7585652,39.0851882],[-74.7585693,39.0851779],[-74.7585719,39.0851681],[-74.7585728,39.085159],[-74.7585721,39.0851517],[-74.7585696,39.0851443],[-74.7585654,39.0851366],[-74.7585594,39.0851284],[-74.7585531,39.0851213],[-74.7585452,39.0851135],[-74.7585151,39.0850866],[-74.758504,39.085076],[-74.7584942,39.0850652],[-74.7584872,39.0850552],[-74.7584829,39.0850471],[-74.7584791,39.0850388],[-74.7584759,39.0850301],[-74.7584733,39.085021],[-74.7584712,39.0850116],[-74.7584697,39.0850018],[-74.7584687,39.0849916],[-74.7584683,39.0849809],[-74.7584685,39.0849693],[-74.7584693,39.0849572],[-74.7584725,39.0849305],[-74.7584778,39.0849018],[-74.7584902,39.0848448],[-74.7584949,39.0848212],[-74.7584987,39.0847969],[-74.7585006,39.0847756],[-74.7585009,39.0847632],[-74.7585005,39.0847515],[-74.7584994,39.0847404],[-74.7584977,39.0847299],[-74.7584952,39.0847199],[-74.7584919,39.0847104],[-74.758488,39.0847013],[-74.7584833,39.0846927],[-74.7584778,39.0846842],[-74.7584715,39.0846758],[-74.7584644,39.0846675],[-74.7584566,39.0846592],[-74.758448,39.084651],[-74.7584385,39.0846427],[-74.7584281,39.0846344],[-74.7584168,39.084626],[-74.7583954,39.0846115],[-74.7583702,39.084596],[-74.7583442,39.084581],[-74.7582742,39.0845417],[-74.7582539,39.0845298],[-74.7582362,39.0845188],[-74.758217,39.0845061],[-74.7582,39.0844938],[-74.7581848,39.0844816],[-74.7581712,39.0844695],[-74.7581646,39.0844627],[-74.7581577,39.084455],[-74.7581322,39.0844227],[-74.7581206,39.0844095],[-74.7581138,39.0844028],[-74.7581069,39.084397],[-74.7580999,39.0843919],[-74.7580926,39.0843876],[-74.7580872,39.084385],[-74.7580806,39.0843825],[-74.7580575,39.0843756],[-74.7580494,39.0843728],[-74.7580421,39.0843696],[-74.7580363,39.0843659],[-74.7580286,39.0843592],[-74.7580212,39.0843507],[-74.7580142,39.0843404],[-74.7580072,39.0843277],[-74.7580044,39.0843216],[-74.758002,39.0843151],[-74.7579988,39.0843014],[-74.7579975,39.0842865],[-74.7579982,39.0842706],[-74.7580009,39.0842538],[-74.7580055,39.0842364],[-74.758012,39.0842187],[-74.7580202,39.0842013],[-74.7580278,39.0841886],[-74.7580378,39.0841749],[-74.7580503,39.0841602],[-74.7580686,39.0841406],[-74.7580826,39.0841267],[-74.7580979,39.0841132],[-74.7581146,39.0841002],[-74.7581326,39.0840875],[-74.7581519,39.0840753],[-74.7581726,39.0840634],[-74.7581946,39.0840519],[-74.758218,39.0840407],[-74.7582427,39.08403],[-74.7582688,39.0840196],[-74.7582964,39.0840096],[-74.7583255,39.0839998],[-74.7583562,39.0839902],[-74.7583888,39.0839809],[-74.7584236,39.0839716],[-74.7584611,39.0839623],[-74.7584926,39.0839556],[-74.7585551,39.0839446],[-74.7585809,39.0839396],[-74.7586014,39.083935],[-74.7586221,39.0839299],[-74.7586642,39.0839182],[-74.7587076,39.0839043],[-74.758753,39.0838881],[-74.7587977,39.0838707],[-74.7588466,39.0838502],[-74.7588967,39.0838283],[-74.7590343,39.0837667],[-74.7590766,39.0837485],[-74.759115,39.0837328],[-74.7591595,39.0837157],[-74.7592016,39.0837008],[-74.7592422,39.083688],[-74.7592816,39.083677],[-74.7593115,39.0836687],[-74.7593857,39.0836466],[-74.7594064,39.0836411],[-74.7594251,39.0836365],[-74.7594472,39.083632],[-74.759468,39.0836288],[-74.7594879,39.0836269],[-74.759507,39.0836262],[-74.7595223,39.0836264],[-74.7595393,39.0836272],[-74.7595845,39.0836312],[-74.7596385,39.0836363],[-74.7596681,39.0836395],[-74.7596958,39.0836432],[-74.7597204,39.0836475],[-74.7597441,39.0836527],[-74.7597656,39.0836588],[-74.7597852,39.0836658],[-74.759803,39.0836737],[-74.7598137,39.0836797],[-74.7598249,39.0836873],[-74.7598351,39.0836951],[-74.759858,39.0837137],[-74.7598692,39.083722],[-74.759879,39.0837284],[-74.7598886,39.0837336],[-74.7598986,39.0837382],[-74.7599094,39.0837426],[-74.7599212,39.0837468],[-74.7599341,39.0837508],[-74.7599599,39.0837578],[-74.7600154,39.0837712],[-74.7600451,39.0837781],[-74.7600783,39.0837843],[-74.7601163,39.0837901],[-74.7601961,39.0838009],[-74.7602303,39.0838059],[-74.760266,39.0838121],[-74.7602973,39.0838189],[-74.7603205,39.083825],[-74.7603437,39.083832],[-74.7603669,39.0838399],[-74.7603904,39.0838489],[-74.760414,39.0838588],[-74.7604379,39.0838698],[-74.7604623,39.083882],[-74.7604873,39.0838953],[-74.7605291,39.0839193],[-74.7605747,39.0839477],[-74.7606178,39.0839759],[-74.7607202,39.0840447],[-74.7607727,39.0840785],[-74.7607989,39.0840944],[-74.7608239,39.0841089],[-74.7608479,39.0841222],[-74.7608713,39.0841343],[-74.7608951,39.0841458],[-74.7609184,39.0841562],[-74.7609415,39.0841656],[-74.7609644,39.084174],[-74.7609871,39.0841815],[-74.7610098,39.0841881],[-74.7610325,39.0841938],[-74.7610552,39.0841986],[-74.761095,39.0842064],[-74.7611158,39.08421],[-74.7611359,39.0842128],[-74.7611539,39.0842144],[-74.7611712,39.084215],[-74.7611894,39.0842146],[-74.7612085,39.0842134],[-74.7612288,39.0842112],[-74.7612494,39.0842082],[-74.7612721,39.0842043],[-74.761337,39.0841913],[-74.7613564,39.0841869],[-74.7613763,39.0841815],[-74.7613969,39.084175],[-74.7614184,39.0841673],[-74.7614396,39.0841591],[-74.7614628,39.0841494],[-74.7615512,39.08411],[-74.7615889,39.0840941],[-74.7616097,39.0840862],[-74.7616292,39.0840793],[-74.7616481,39.0840734],[-74.7616663,39.0840684],[-74.7617009,39.0840601],[-74.7617364,39.0840527],[-74.7617729,39.084046],[-74.7618103,39.0840401],[-74.7618487,39.084035],[-74.7618881,39.0840307],[-74.7619285,39.0840272],[-74.7619698,39.0840245],[-74.762012,39.0840226],[-74.7620552,39.0840214],[-74.7620993,39.0840211],[-74.7621445,39.0840215],[-74.7621905,39.0840227],[-74.7622376,39.0840248],[-74.7622856,39.0840276],[-74.7623347,39.0840312],[-74.7623672,39.0840342],[-74.7624033,39.0840381],[-74.7625118,39.084052],[-74.7625538,39.0840567],[-74.7626017,39.0840605],[-74.7626484,39.0840633],[-74.7627627,39.084069],[-74.7628208,39.0840729],[-74.7628493,39.0840754],[-74.7628757,39.0840783],[-74.7629005,39.0840815],[-74.7629239,39.0840851],[-74.7629529,39.0840905],[-74.76298,39.0840968],[-74.7630055,39.0841038],[-74.7630294,39.0841117],[-74.7630518,39.0841205],[-74.7630728,39.0841303],[-74.7630924,39.084141],[-74.7631107,39.0841526],[-74.763127,39.0841641],[-74.7631421,39.0841753],[-74.7631561,39.0841864],[-74.763169,39.0841974],[-74.7631809,39.0842082],[-74.7631918,39.0842189],[-74.7632016,39.0842294],[-74.7632104,39.0842398],[-74.7632228,39.0842567],[-74.7632341,39.0842749],[-74.7632442,39.0842942],[-74.7632532,39.0843146],[-74.7632609,39.084336],[-74.7632672,39.0843582],[-74.7632723,39.084381],[-74.7632758,39.0844042],[-74.7632762,39.0844105],[-74.7632759,39.0844176],[-74.7632719,39.0844449],[-74.7632713,39.0844559],[-74.7632716,39.0844616],[-74.7632727,39.0844667],[-74.7632744,39.0844714],[-74.7632768,39.0844756],[-74.7632835,39.0844836],[-74.7632929,39.0844919],[-74.7633049,39.0845002],[-74.763319,39.0845083],[-74.7633299,39.0845131],[-74.7633421,39.0845168],[-74.7633558,39.0845194],[-74.7633712,39.0845209],[-74.7633855,39.0845214],[-74.7634018,39.0845213],[-74.7634556,39.0845188],[-74.7634741,39.0845183],[-74.7634901,39.0845178],[-74.7635068,39.0845164],[-74.7635244,39.084514],[-74.7635434,39.0845108],[-74.7635786,39.0845031],[-74.763663,39.0844822],[-74.7636854,39.0844774],[-74.7637056,39.084474],[-74.7637269,39.0844714],[-74.7637467,39.0844703],[-74.7637654,39.0844706],[-74.7637832,39.0844724],[-74.7638244,39.0844773],[-74.7638659,39.0844805],[-74.7639075,39.0844821],[-74.7639492,39.084482],[-74.7639908,39.0844803],[-74.7640323,39.0844769],[-74.7640735,39.0844719],[-74.7641143,39.0844653],[-74.7641546,39.0844571],[-74.7641943,39.0844473],[-74.7642333,39.0844359],[-74.7642716,39.084423],[-74.7643089,39.0844086],[-74.7643453,39.0843928],[-74.7649726,39.0839814],[-74.765012,39.0839546],[-74.76505,39.0839266],[-74.7650865,39.0838975],[-74.7651216,39.0838672],[-74.765155,39.0838359],[-74.7651868,39.0838036],[-74.7652169,39.0837703],[-74.7652453,39.0837361],[-74.7652719,39.0837011],[-74.7652966,39.0836653],[-74.7653196,39.0836287],[-74.7653406,39.0835914],[-74.7653597,39.0835536],[-74.7653519,39.0835208],[-74.7653433,39.0834903],[-74.7653364,39.0834696],[-74.765328,39.0834482],[-74.765318,39.0834258],[-74.7653061,39.0834021],[-74.7652943,39.0833803],[-74.7652806,39.0833562],[-74.765229,39.0832707],[-74.765209,39.0832362],[-74.76519,39.0832005],[-74.7651821,39.083184],[-74.7651751,39.0831682],[-74.7651676,39.0831494],[-74.7651613,39.0831312],[-74.7651562,39.0831135],[-74.7651523,39.0830962],[-74.7651495,39.0830793],[-74.7651479,39.0830626],[-74.7651474,39.0830463],[-74.7651481,39.0830301],[-74.7651505,39.0829998],[-74.7651529,39.0829802],[-74.7651564,39.0829628],[-74.7651612,39.0829477],[-74.7651638,39.0829417],[-74.7651669,39.0829358],[-74.7651749,39.0829241],[-74.7651852,39.0829126],[-74.7651981,39.082901],[-74.7652119,39.0828905],[-74.7652285,39.0828793],[-74.7652463,39.0828683],[-74.7652958,39.0828388],[-74.7653102,39.0828297],[-74.7653225,39.0828212],[-74.7653355,39.0828111],[-74.7653466,39.0828013],[-74.7653559,39.0827915],[-74.7653635,39.0827816],[-74.7653702,39.0827702],[-74.7653757,39.0827577],[-74.76538,39.0827439],[-74.7653832,39.0827285],[-74.765385,39.0827147],[-74.7653863,39.082699],[-74.7653881,39.0826464],[-74.7653893,39.0826273],[-74.7653914,39.082609],[-74.7653946,39.082593],[-74.7653996,39.0825773],[-74.7654026,39.0825701],[-74.765406,39.0825632],[-74.7654099,39.0825568],[-74.7654141,39.0825507],[-74.7654188,39.082545],[-74.765424,39.0825396],[-74.7654398,39.0825254],[-74.7654583,39.0825113],[-74.765479,39.0824974],[-74.7655014,39.0824841],[-74.7655097,39.08248],[-74.7655188,39.0824761],[-74.7655288,39.0824726],[-74.76554,39.0824693],[-74.7655615,39.0824641],[-74.7656135,39.0824534],[-74.7656267,39.0824501],[-74.7656382,39.0824467],[-74.7656495,39.0824427],[-74.7656596,39.0824383],[-74.7656686,39.0824335],[-74.7656766,39.0824281],[-74.7656873,39.0824193],[-74.7656982,39.0824088],[-74.7657096,39.0823964],[-74.7657249,39.0823784],[-74.7657315,39.08237],[-74.7657375,39.0823613],[-74.765743,39.0823522],[-74.765748,39.0823426],[-74.7657525,39.0823327],[-74.7657565,39.0823222],[-74.7657601,39.0823112],[-74.7657632,39.0822996],[-74.7657676,39.0822775],[-74.7657709,39.0822523],[-74.7657731,39.0822265],[-74.7657773,39.0821561],[-74.7657794,39.0821351],[-74.7657821,39.0821165],[-74.7657863,39.0820956],[-74.7657917,39.0820766],[-74.7657984,39.0820591],[-74.765805,39.0820455]]]]}}
